fam;a1;a2;a3;a4;a5;a6;a7;a8;a9;a10;a11;a12;a13;a14;a15;a16;a17;a18;a19;a20;a21;a22;a23;a24;a25;a26;a27;a28;a29;a30;a31;a32;a33;a34;a35;a36;a37;a38;a39;teacher
id-2;0,4;0,4;0,09;0,16;0,65;-0,78;-0,5;0;0;1;0;0;0;1;0;0;0;0;0;0;0;0;0;0;0;0;1;0;0;0;0;0;0;0;0;0;0;0;0;1
id-3;0,6;0,6;0,24;0,16;-0,25;-0,78;-0,5;0;0;1;0;0;0;0;0;0;0;1;1;0;0;0;0;0;0;1;0;0;0;0;0;0;0;0;0;0;0;0;0;5
id-4;0,2;0,6;0,28;0,2;-0,25;-1;-1;0;0;1;0;1;0;1;0;0;0;0;1;0;0;0;0;0;0;0;0;0;0;0;0;0;0;0;0;0;0;0;0;5
id-5;0,6;0,6;0,14;0,11;-0,35;-0,11;-0,5;1;0;1;0;1;1;1;0;0;0;0;1;0;0;0;0;0;0;0;0;1;0;0;0;0;0;0;0;0;0;0;0;5
id-10;0,4;0,6;0,36;0,2;-0,3;-1;-1;0;0;1;0;1;0;1;0;0;0;0;1;0;0;0;0;0;0;0;1;0;0;0;0;0;0;0;0;0;0;0;0;5
id-13;0,6;0,6;0,35;0,29;-0,3;-0,11;0;1;0;0;0;0;0;1;1;0;0;0;1;0;0;0;0;0;0;0;0;0;0;0;0;0;0;0;0;0;0;0;0;5
id-14;0,6;0,6;0,25;0,24;-0,4;-0,56;-0,5;1;0;1;0;0;0;0;0;0;0;0;1;0;0;0;0;0;0;0;0;0;0;0;0;0;1;0;0;0;0;0;0;5
id-15;0,4;0,4;0,31;0,2;-0,3;-0,78;-1;1;0;1;0;0;1;0;0;0;0;0;1;1;0;0;0;0;0;0;0;0;0;0;0;0;0;0;0;0;0;0;0;5
id-16;0;0,2;0;0,11;-0,3;-0,33;-0,5;0;1;1;0;1;0;0;0;0;0;0;0;0;0;0;0;0;0;0;0;1;0;0;0;0;0;0;0;0;0;0;0;1
id-18;0,4;0,4;0,32;0,29;-0,3;-1;-1;0;1;1;0;1;1;0;0;0;0;0;0;0;0;0;0;0;0;0;0;0;0;0;0;0;0;0;0;0;0;0;0;1
id-19;0,2;0,6;0,17;0,2;-0,3;-1;-1;0;0;1;0;0;0;0;1;0;0;0;1;0;0;0;0;0;0;0;0;0;0;0;0;0;0;0;0;0;0;0;0;5
id-20;0,6;0,6;-0,03;0,29;-0,3;-0,78;-1;0;0;0;0;1;0;0;0;0;0;0;0;0;0;0;0;0;0;0;0;0;0;0;0;0;1;0;0;0;0;0;0;5
id-21;0,6;0,6;0,08;0,11;-0,4;-0,11;0;1;0;0;0;0;0;0;0;0;0;0;0;0;0;0;0;0;0;0;0;0;0;0;0;0;0;0;0;0;0;0;0;5
id-22;0,4;0,4;-0,19;0,07;-0,35;-1;-1;1;0;1;0;0;0;0;0;0;0;1;0;0;0;0;0;0;0;0;0;0;0;0;0;0;0;0;0;0;0;0;0;5
id-23;0,4;0,4;0,07;0,11;-0,3;-0,56;-1;1;0;1;0;1;1;1;0;0;0;0;1;0;0;0;0;0;0;0;1;0;0;0;0;0;0;0;0;0;0;0;0;5
id-24;0,2;0,6;0,4;0,2;-0,25;-0,78;-0,5;0;0;1;0;0;1;1;0;1;0;1;1;0;0;0;0;0;0;0;0;0;0;0;0;0;0;0;0;0;0;1;0;5
id-25;0,4;0,6;0,11;0,16;-0,3;-0,33;-0,5;0;0;1;0;0;0;0;0;0;0;0;1;0;0;0;0;0;0;0;0;0;0;0;0;0;0;0;0;0;0;0;0;5
id-29;0;0,6;0,44;0,29;-0,3;-1;-1;1;1;0;0;0;0;0;0;0;1;1;0;0;0;0;0;0;0;0;0;0;0;0;0;0;0;0;0;0;0;0;0;1
id-32;0,6;0,8;-0,1;1,4;-0,4;-0,11;-0,5;1;0;1;0;0;0;1;1;0;0;0;0;0;0;0;0;0;0;0;1;0;0;0;0;0;0;0;0;0;0;0;0;5
id-33;0,6;0,6;-0,06;0,38;-0,15;-0,56;-0,5;0;0;0;0;0;1;1;0;0;0;0;0;0;0;0;0;0;0;0;0;0;0;0;0;0;0;0;0;0;0;0;0;5
id-35;0,4;0,8;0,42;0,29;-0,25;-0,78;-0,5;0;0;1;0;1;0;1;0;0;0;0;1;0;0;0;0;0;0;0;1;0;0;0;0;0;0;0;0;0;0;0;0;5
id-37;0,4;0,6;0,39;0,24;-0,25;-1;-1;1;1;1;0;0;0;0;0;0;0;0;0;0;0;0;0;0;0;0;0;0;0;0;0;0;0;0;0;0;0;0;0;1
id-39;0,4;0,4;0,35;0,2;-0,3;-1;-1;1;0;1;0;0;0;0;0;0;0;0;1;0;0;0;0;0;0;1;1;0;0;0;0;0;1;0;0;0;0;0;0;5
id-40;-0,6;0,6;-0,13;0,02;-0,25;-0,78;-1;0;1;0;0;0;1;0;0;0;0;1;0;0;0;0;0;0;0;0;0;0;0;0;0;0;0;0;0;0;0;0;0;1
id-41;0,6;0,6;0,3;0,11;-0,3;-1;-1;1;1;0;0;0;0;0;0;0;0;1;0;0;0;0;0;0;0;0;1;0;0;0;0;0;0;0;0;0;0;0;0;1
id-42;0,6;0,8;0,13;0,11;-0,35;-1;-1;0;0;1;0;0;0;0;1;0;0;0;0;0;0;0;0;0;0;0;1;0;0;0;0;0;0;0;0;0;0;0;0;5
id-43;0,4;0,6;-0,19;-0,07;-0,4;-0,11;-0,5;1;0;1;1;0;0;1;0;0;0;0;1;0;0;0;0;0;0;0;0;0;0;0;0;0;0;0;0;0;0;0;0;5
id-44;0,4;0,4;0;0,11;-0,35;-0,78;-1;1;0;1;0;0;0;0;0;0;0;0;0;0;0;0;0;0;0;0;0;0;0;0;0;0;0;0;0;0;0;0;0;5
id-46;0,4;0,6;0,49;0,24;-0,25;-0,33;-0,5;1;0;1;0;0;0;1;0;0;0;1;1;1;0;0;0;0;0;0;1;0;0;0;0;0;0;0;0;1;0;0;0;5
id-47;0,4;0,6;-0,15;0,02;-0,4;-1;-1;1;1;0;0;1;0;0;0;0;0;0;0;0;0;0;1;0;0;0;0;0;0;0;0;0;0;0;0;0;0;0;0;1
id-48;0,2;0,6;-0,02;0,07;-0,35;-0,78;-0,5;1;0;1;0;0;0;1;0;0;0;1;1;0;0;0;0;0;0;1;0;0;0;0;0;0;0;0;0;0;0;0;0;5
id-50;0,6;0,6;0,15;0,42;-0,25;-0,78;-1;0;0;1;0;1;1;0;0;0;0;0;0;0;0;0;0;0;0;0;0;0;0;0;0;0;1;0;0;0;0;0;0;5
id-52;0,6;1;0,46;0,24;-0,25;-0,33;-0,5;0;0;1;0;0;0;1;0;0;0;1;1;1;0;0;0;0;0;0;0;1;0;0;0;0;0;0;0;0;0;0;0;5
id-53;0,4;0,8;0,18;0,16;-0,35;-0,56;-0,5;0;0;1;0;1;0;1;0;0;0;0;1;0;0;0;0;0;1;0;0;0;0;0;0;0;0;0;0;0;0;0;0;5
id-54;0,4;0,4;0,02;0,16;-0,3;-1;-1;1;1;1;0;1;0;1;0;0;0;1;0;1;0;0;0;0;0;0;0;0;0;0;0;0;0;0;1;0;0;0;0;1
id-55;0,8;0,8;0,63;0,33;-0,2;-0,78;-0,5;1;0;0;0;0;0;0;0;0;0;1;1;0;0;0;0;0;0;0;1;0;0;0;0;0;0;0;0;0;0;0;0;5
id-56;0;0,2;0,35;0,51;-0,15;-1;-1;0;0;1;0;0;0;0;1;0;1;0;0;0;0;0;0;0;0;0;0;0;0;0;0;0;0;0;0;0;0;0;0;1
id-58;0,4;0,4;0,17;0,2;-0,3;-0,78;-1;1;1;1;0;1;0;0;0;0;1;0;0;0;0;0;1;0;0;0;0;0;0;0;0;0;0;0;0;0;0;0;0;1
id-59;0,4;0,6;0,47;0,2;-0,2;-0,78;-0,5;0;0;1;0;1;0;0;0;0;0;0;1;0;0;0;0;0;0;0;0;0;0;0;0;0;0;0;0;0;0;0;0;5
id-60;0,4;0,4;0,3;0,24;-0,3;-0,56;-1;0;0;0;0;0;1;0;0;0;0;0;1;1;0;0;0;0;0;0;0;0;0;0;0;0;0;0;0;0;0;0;0;5
id-65;0,6;0,8;0,2;0,11;-0,3;-1;-1;0;0;1;0;0;0;0;0;0;0;0;0;0;0;0;0;0;0;0;0;0;0;0;0;0;0;0;0;0;0;0;0;1
id-66;0,2;0,6;0,31;0,24;-0,3;-1;-1;0;1;1;0;1;0;1;0;0;0;0;1;0;0;0;0;0;0;0;0;0;0;0;0;0;0;0;0;0;0;1;0;5
id-67;0,4;0,6;0,33;0,24;-0,25;-1;-1;1;0;1;0;0;0;0;0;0;0;1;1;0;0;0;0;0;0;0;0;0;0;0;0;0;0;0;0;0;0;0;0;5
id-69;0,6;0,6;0,04;0,16;-0,25;-1;-1;1;0;0;0;1;0;1;0;0;0;0;0;0;0;0;0;0;0;0;0;0;0;0;0;0;0;0;0;0;0;0;0;1
id-70;0,6;0,8;-0,45;0,24;-0,45;-1;-1;0;0;1;1;1;1;0;0;0;0;0;0;0;0;0;0;0;0;0;0;0;0;0;0;0;0;0;0;0;0;0;0;1
id-71;0,4;0,4;0,43;0,2;-0,3;-1;-1;0;0;1;0;1;1;1;0;0;0;0;1;0;0;0;0;0;0;0;0;0;0;0;0;0;1;0;0;0;0;0;0;5
id-72;0,2;0,4;0,04;-0,02;-0,35;-0,78;-1;0;0;1;0;0;0;0;0;0;0;0;0;0;0;0;0;0;0;0;0;0;0;0;0;0;0;0;0;0;0;0;0;5
id-73;0,4;0,6;0,35;0,24;-0,35;-0,78;-0,5;1;0;1;0;0;0;1;0;0;0;0;0;0;0;0;0;0;0;0;0;0;0;0;0;0;0;0;0;0;0;0;0;5
id-74;0,4;0,6;0,04;0,07;-0,35;-0,33;-0,5;0;0;1;0;1;0;1;0;0;0;0;0;0;0;0;0;0;0;0;0;0;0;0;0;0;0;0;0;0;0;0;0;5
id-76;0,6;0,8;0,09;0,16;-0,35;-0,56;-0,5;1;0;1;0;0;0;1;0;0;0;1;1;0;0;0;0;0;0;0;1;0;0;0;0;0;0;0;0;0;0;0;0;5
id-77;0,4;0,8;0,05;0,11;-0,3;-1;-1;0;0;1;0;0;0;0;0;0;0;1;1;0;0;0;0;0;0;0;0;0;0;0;0;0;0;0;1;0;0;0;0;5
id-79;0,4;0,6;0,48;0,24;-0,2;-0,56;-1;1;0;1;0;1;0;1;0;0;0;1;1;0;0;0;0;0;0;0;1;0;0;0;0;0;0;0;0;0;0;0;0;5
id-81;0,6;0,8;0,4;0,24;-0,2;0,33;0,5;1;0;1;0;0;0;0;0;0;0;0;1;0;0;0;0;0;0;0;0;1;0;0;0;0;1;0;0;0;0;0;0;5
id-82;0,6;1;0,01;0,11;-0,3;-0,11;-0,5;1;0;0;0;0;0;1;0;1;0;0;0;0;0;0;0;0;0;0;0;0;0;0;0;0;0;0;0;0;0;0;0;1
id-83;-0,4;-0,4;0,43;-0,02;-0,1;-0,56;-0,5;1;0;1;0;0;0;1;0;0;0;1;0;0;0;0;0;0;0;0;0;0;0;0;0;0;0;0;0;0;0;0;0;1
id-84;0,4;0,4;0,55;0,33;-0,25;-0,33;0,5;1;0;1;0;0;0;1;0;0;0;0;1;0;0;0;0;0;0;0;0;0;0;0;0;0;0;0;0;0;0;0;0;5
id-85;0,4;0,6;-0,16;0,11;-0,4;-0,33;0;1;0;1;0;0;0;1;0;0;0;0;0;0;0;0;0;0;0;0;0;0;0;0;0;0;0;0;0;0;0;0;0;1
id-87;0,6;0,6;0,4;0,16;-0,2;-0,56;-0,5;0;0;0;0;1;0;1;0;1;0;1;0;0;0;0;0;0;0;0;0;0;0;0;0;0;0;0;0;0;0;0;0;1
id-88;0,6;0,6;0,16;0,16;-0,35;-0,33;-0,5;0;0;0;0;0;0;1;0;0;0;0;0;0;0;0;0;0;0;0;0;0;0;0;0;0;0;0;0;0;0;0;0;5
id-89;0,4;0,6;0,04;0,02;-0,35;-1;-1;0;0;1;0;1;1;1;0;0;0;0;1;0;0;0;0;0;0;0;0;0;0;0;0;0;0;0;0;0;0;0;0;5
id-90;0,6;0,6;-0,08;0,02;-0,35;-0,56;-1;0;0;1;0;0;0;0;0;0;0;0;1;0;0;0;0;0;0;0;0;0;0;0;0;0;0;0;0;0;0;0;0;5
id-91;0,6;0,8;0,09;0,16;-0,3;-0,78;-1;1;0;1;0;0;0;1;0;0;0;1;1;0;0;0;0;0;0;0;0;1;0;0;0;0;0;0;0;0;0;0;0;5
id-92;0,6;0,8;0,15;0,2;-0,35;-1;-1;0;1;0;0;0;0;0;0;0;0;0;0;0;0;0;0;0;0;0;0;0;0;0;0;0;0;0;0;0;0;0;0;1
id-95;0,4;0,6;0,45;0,24;-0,25;-0,33;-0,5;1;0;1;0;0;0;0;1;0;0;0;1;0;0;0;0;0;0;1;0;0;0;0;0;0;0;0;0;0;0;0;0;5
id-97;0,4;0,4;-0,18;0,02;-0,3;-0,11;-1;1;1;1;0;0;0;0;0;0;0;0;0;0;0;0;0;0;0;0;1;0;0;0;0;0;0;0;0;0;0;0;0;1
id-98;0,6;0,6;0,12;0,16;-0,3;-0,56;-1;0;0;1;0;0;0;1;0;0;0;0;0;0;0;0;0;0;0;0;0;0;0;0;0;0;0;0;0;0;0;0;0;5
id-99;0,4;0,4;0,46;0,2;-0,2;-0,56;0;0;0;1;0;0;0;1;0;0;0;1;1;0;0;0;0;0;0;0;0;0;0;0;0;0;0;0;0;0;0;0;0;5
id-100;0;0;-0,53;-0,11;-0,6;-1;-1;1;1;1;0;0;0;0;0;0;0;1;0;0;0;0;0;0;0;0;0;0;0;0;0;0;0;0;0;0;1;0;0;1
id-102;0,6;0,6;0,74;0,51;-0,15;-0,78;-0,5;0;0;0;0;0;0;0;0;0;0;0;0;0;0;0;1;0;0;0;1;0;0;0;0;0;0;0;0;0;0;0;0;5
id-104;0,4;0,4;0,4;0,24;-0,25;-0,56;-0,5;0;0;1;0;0;1;0;1;0;0;0;1;0;0;0;0;0;0;0;0;0;0;0;0;0;0;0;0;0;0;0;0;5
id-105;0,2;0,4;-0,03;0,16;-0,35;-1;-1;1;1;1;0;1;0;1;0;0;1;1;0;0;0;0;0;0;0;0;0;0;0;0;0;0;0;0;0;0;0;0;0;1
id-106;0;0;0,05;0,11;-0,25;-1;-1;1;0;1;1;1;0;0;1;1;0;0;1;0;0;0;0;0;0;0;0;0;0;0;0;0;0;0;0;0;0;0;0;1
id-107;0,2;0,4;0,23;0,2;-0,25;-1;-1;0;0;1;0;0;1;1;0;1;0;0;1;0;0;0;0;0;0;0;0;0;0;0;0;0;0;0;0;0;0;0;0;5
id-108;0,8;1;0,12;0,11;-0,3;-1;-1;1;0;1;1;1;0;1;0;0;0;1;1;0;0;0;0;0;0;0;0;0;0;0;0;0;0;0;1;0;0;0;0;5
id-109;0,4;0,8;-0,08;0,02;-0,4;-0,56;0;0;0;1;0;1;0;0;0;0;0;0;1;0;0;0;0;0;0;0;0;0;0;0;0;0;0;0;0;0;0;0;0;5
id-111;0,2;0,2;-0,27;0,02;-0,1;-1;-1;1;0;0;1;0;0;0;0;0;0;0;0;0;0;0;0;0;0;0;0;0;0;0;0;0;0;0;0;0;0;0;0;1
id-112;0,2;0,4;0,17;0,2;-0,3;-1;-1;1;1;1;0;1;0;1;0;0;0;0;0;0;0;0;0;0;0;0;0;0;0;0;0;0;0;0;0;0;0;0;0;1
id-113;0,6;0,8;0,2;0,24;-0,25;-1;-1;0;0;1;0;0;0;1;0;0;0;0;0;0;0;0;0;0;1;0;1;0;0;0;0;0;0;0;0;0;0;0;0;5
id-114;0,4;0,4;0,05;0,07;-0,28;-1;-1;0;1;0;0;0;0;1;0;0;0;0;0;1;0;0;0;0;0;0;0;0;0;0;0;0;0;0;0;0;0;0;0;1
id-115;0,8;0,8;0,55;0,56;-0,25;-1;-1;1;0;0;0;1;0;0;0;0;0;0;0;0;0;0;0;0;0;0;0;0;0;0;0;0;1;0;0;0;0;0;0;5
id-116;0,2;0,6;0,4;0,29;-0,35;-1;-1;0;1;1;0;0;0;0;0;0;0;0;0;0;0;0;0;0;0;0;0;0;0;0;0;0;1;0;0;0;0;0;0;5
id-118;0,4;0,4;-0,09;0,07;-0,4;0,56;0;0;0;1;0;0;1;0;0;0;0;0;1;0;0;0;0;0;0;0;0;0;0;0;0;0;0;0;0;0;0;0;0;5
id-119;0,2;0,4;0,35;0,24;-0,05;-1;-1;1;0;1;0;1;0;1;0;0;1;1;1;0;0;0;0;0;0;0;0;0;0;0;0;0;0;0;0;0;0;0;0;1
id-121;0,4;0,8;0,23;0,2;-0,3;-0,11;-0,5;0;0;1;0;1;0;0;1;0;0;0;0;0;0;0;0;0;0;0;0;0;0;0;0;0;0;0;0;0;0;0;0;1
id-122;0,6;0,8;-0,23;-0,07;-0,4;-0,33;-0,5;0;1;0;0;1;0;0;0;0;0;0;0;1;0;0;0;0;0;0;0;0;0;0;0;0;0;0;0;0;0;0;0;1
id-123;0,4;0,6;0,19;0,11;-0,3;-0,56;-0,5;1;0;1;0;0;1;1;0;0;0;0;1;0;0;0;0;0;0;0;0;0;0;0;0;0;0;0;0;0;0;0;0;5
id-124;0,4;0,4;-0,03;0,16;-0,3;-1;-1;1;0;1;0;0;1;0;0;0;0;1;1;0;0;0;0;0;0;0;0;0;0;0;0;0;0;0;0;0;0;0;0;5
id-125;0;0,6;0,85;0,56;-0,15;0,33;-0,5;1;0;1;0;1;1;0;0;0;0;0;0;0;0;0;1;0;0;0;1;0;0;0;0;0;0;0;0;0;0;0;0;5
id-126;0,6;0,8;0,33;0,29;-0,25;-1;-1;0;0;1;0;0;0;0;0;0;0;0;1;0;0;0;0;0;0;0;0;0;0;0;0;0;0;1;0;0;0;0;0;5
id-129;0,6;0,8;0,23;0,2;-0,3;-0,56;-0,5;0;0;0;0;0;0;1;0;0;0;0;1;0;0;0;0;0;1;0;0;0;0;0;0;0;0;0;0;0;0;0;0;5
id-130;-0,6;0,6;0,08;0,16;-0,3;-0,78;-1;0;0;1;0;0;0;1;0;0;0;0;1;0;0;0;0;0;0;0;0;0;0;0;0;0;0;0;0;0;0;0;0;5
id-131;0,4;0,6;0,45;0,29;-0,3;-0,11;-0,5;0;0;1;0;0;0;1;1;0;0;1;0;0;0;0;0;0;0;0;0;1;0;0;0;0;0;0;1;0;0;0;0;1
id-132;0,6;0,8;-0,18;0,02;-0,4;-1;-1;0;1;1;0;1;0;1;1;0;0;0;0;0;0;0;0;0;0;0;0;1;0;0;0;0;0;1;0;0;0;0;0;5
id-133;0,6;0,8;0,24;0,16;-0,35;-1;-1;0;0;1;1;0;0;0;1;0;0;0;1;0;0;0;0;0;0;0;0;1;0;0;0;0;0;1;0;0;0;0;0;5
id-134;0,6;0,6;0,05;0,2;-0,45;-0,11;-0,5;1;1;1;0;0;0;0;0;0;0;0;0;0;0;0;0;0;0;0;0;0;0;0;0;0;0;0;0;0;0;0;0;1
id-135;0,6;0,8;0;0,16;-0,3;-0,11;0;1;0;1;0;1;0;0;1;0;0;1;0;0;0;0;0;0;0;0;1;0;0;0;0;0;0;0;0;0;0;0;0;5
id-136;0,6;0,8;0,4;0,38;-0,25;-1;-1;0;0;1;0;0;0;1;0;0;0;1;0;0;0;0;0;0;0;0;0;0;0;0;0;0;1;1;0;0;0;1;0;5
id-138;0,6;0,6;0,25;0,33;-0,25;-1;-1;0;0;0;0;0;0;0;0;0;0;1;0;1;0;0;0;0;0;0;0;0;0;0;0;0;1;0;0;0;0;0;0;5
id-140;0,4;0,6;-0,09;0,07;-0,4;-1;-1;1;0;1;0;0;0;1;0;0;0;0;1;0;0;0;0;0;0;1;0;0;0;0;0;0;0;0;0;0;0;0;0;5
id-143;0,2;0,6;0,49;0,11;-0,25;-0,78;-0,5;1;0;1;0;0;0;1;0;0;0;1;0;0;0;0;0;0;0;0;1;0;0;0;0;0;0;0;0;1;0;0;0;5
id-144;0,4;0,6;0,5;0,29;-0,2;-0,33;-1;1;0;1;0;1;0;1;0;0;0;1;1;0;0;0;1;0;0;0;1;0;0;0;0;0;0;0;0;0;0;0;0;5
id-145;0,6;0,8;-0,05;0,11;-0,35;-1;-1;0;1;1;1;1;0;0;0;0;0;0;1;0;0;0;0;0;0;0;0;0;0;0;0;0;1;0;0;0;0;0;0;5
id-146;0,4;0,6;0,23;0,24;-0,3;-1;-1;0;1;0;0;1;0;0;0;0;0;0;0;0;0;0;0;0;0;0;0;0;0;0;0;0;0;0;0;0;0;0;0;1
id-147;0,6;0,6;0,12;0,16;-0,3;-1;-1;0;1;0;0;1;0;0;0;0;0;0;0;0;0;0;1;0;0;0;1;0;0;0;0;0;0;0;0;0;0;0;0;1
id-148;0,6;0,6;-0,18;0,11;-0,4;0,11;0;0;0;1;0;0;0;0;0;0;0;0;0;0;0;0;0;0;0;0;0;0;0;0;0;0;1;0;0;0;0;0;0;5
id-149;0,6;0,8;0,2;0,16;-0,3;-0,78;-1;0;0;1;0;0;0;0;0;0;0;0;1;0;0;0;1;0;0;0;0;0;0;0;0;0;1;0;0;0;0;0;0;5
id-150;0,6;0,8;0,05;0,11;-0,2;-0,33;-1;1;1;1;0;0;0;1;0;0;0;1;0;0;0;0;0;0;0;0;0;0;0;0;0;0;1;1;0;0;0;0;0;5
id-152;0,6;0,6;0,29;0,24;-0,3;-1;-1;1;0;0;0;1;0;1;0;0;0;0;0;0;0;0;0;0;0;0;0;0;0;0;0;0;0;0;0;0;0;0;0;5
id-154;0,6;0,8;0,09;0,24;-0,25;-1;-1;0;0;1;0;1;0;0;0;0;0;0;0;0;0;0;0;0;0;0;0;0;0;0;0;0;0;0;0;0;0;0;0;5
id-155;0,4;0,6;0,09;0,24;-0,35;-1;-1;0;1;0;0;0;0;0;0;0;1;0;0;0;0;0;0;0;0;0;0;0;0;0;0;0;0;0;0;0;0;0;0;1
id-156;0,4;0,6;0,44;0,2;-0,25;-1;-1;1;0;1;0;1;0;1;0;0;0;1;1;0;0;0;0;0;0;0;1;0;0;0;0;0;0;0;0;0;0;0;0;5
id-158;0,6;0,6;-0,13;0,16;-0,5;-0,78;-1;1;0;1;0;1;0;1;0;0;0;0;0;0;0;0;0;0;0;0;0;0;0;0;0;0;1;0;0;0;0;0;0;5
id-161;0,2;0,4;0,05;0,33;-0,3;-1;-1;0;0;1;0;0;0;0;1;0;0;0;0;0;0;0;0;0;0;0;0;0;0;0;0;0;0;0;0;0;0;0;0;1
id-162;0,4;0,4;0,31;0,24;-0,3;-0,78;-1;1;0;1;0;1;0;1;0;0;0;0;1;0;0;0;0;0;0;0;0;0;0;0;0;0;0;0;0;0;0;0;0;5
id-164;0,6;0,6;0,03;0,2;-0,3;-1;-1;1;0;1;0;0;0;1;0;0;0;0;1;0;0;0;0;0;0;0;0;0;0;0;0;0;1;0;0;0;0;0;0;5
id-167;0,4;0,6;-0,17;0,07;-0,35;-1;-1;0;0;1;1;1;0;1;0;0;0;1;1;0;0;0;0;0;0;0;0;0;0;0;0;0;0;0;1;0;0;0;0;5
id-168;0,4;0,8;0,19;0,11;-0,35;-1;-1;1;0;1;0;0;0;1;0;0;0;0;1;0;0;0;0;0;0;0;0;0;0;0;0;0;0;0;0;0;0;0;0;5
id-169;0,6;0,8;-0,05;0,07;-0,3;-1;-1;0;1;0;0;1;0;0;1;0;1;0;0;0;0;0;0;0;0;0;0;0;0;0;0;0;0;0;0;0;0;0;0;1
id-170;0,6;1;0,1;0,2;-0,3;-0,78;-0,5;0;0;1;0;0;0;0;0;0;0;0;1;0;0;0;0;0;0;0;0;0;0;0;0;0;0;0;0;0;0;0;0;5
id-171;0,6;0,8;0,08;0,11;-0,4;-1;-1;0;0;1;0;0;0;1;0;0;0;0;1;0;0;0;0;0;0;0;0;0;0;0;0;0;0;0;0;0;0;0;0;5
id-173;0,6;0,8;0,28;0,16;-0,25;-1;-1;0;0;1;0;0;0;1;0;0;0;0;0;0;0;0;0;0;0;0;0;0;0;0;0;0;0;0;0;0;0;0;0;1
id-174;0,6;0,6;0,23;0,16;-0,35;-0,78;-1;0;1;1;0;0;0;1;0;0;0;0;0;0;0;0;0;0;0;0;0;0;0;0;0;0;0;0;0;0;0;0;0;1
id-176;0,6;0,8;-0,25;-0,07;-0,4;-0,56;0;0;0;1;0;0;0;0;1;0;0;1;0;0;0;0;0;0;0;0;0;0;0;0;0;0;0;0;0;0;0;0;0;5
id-177;0,8;1;0,31;0,11;-0,35;-1;-1;1;0;1;0;0;0;1;0;0;0;0;0;0;0;0;0;0;0;0;0;0;0;0;0;0;1;0;0;0;0;0;0;5
id-178;0,4;0,6;-0,02;0,2;-0,35;-1;-1;0;0;0;0;1;0;0;0;0;0;0;0;0;0;0;0;0;0;0;0;0;0;0;0;0;0;0;0;0;0;0;0;5
id-179;0,6;0,6;0,3;0,24;-0,3;-0,78;-0,5;0;0;1;0;1;0;0;0;0;0;0;1;0;0;0;0;0;0;0;1;0;0;0;0;0;0;0;1;0;0;0;0;5
id-180;0,6;0,6;0,5;0,56;-0,1;-1;-1;0;0;0;0;0;1;0;0;0;0;0;0;1;0;0;0;0;0;1;0;0;0;0;0;0;1;0;0;0;0;0;0;5
id-181;0,6;0,6;0,73;0,24;-0,3;-0,78;-0,5;0;0;1;0;1;0;0;1;0;0;0;0;0;0;0;0;0;0;0;1;0;0;0;0;0;0;0;0;0;0;0;0;5
id-182;0,6;0,8;0,63;0,42;-0,2;-1;-1;0;0;1;0;0;0;0;0;0;0;0;0;0;0;0;0;0;0;0;0;0;0;0;0;0;1;0;0;0;0;0;0;5
id-183;0,4;0,6;0,1;0,11;-0,3;-1;-1;0;0;1;0;1;0;0;0;0;0;0;1;0;0;0;0;0;0;0;0;0;0;0;0;0;0;0;0;0;0;0;0;5
id-184;0,6;0,6;0,5;0,2;-0,45;-1;-1;0;0;1;0;0;0;1;0;0;0;0;0;0;0;0;0;0;0;1;0;0;0;0;0;0;1;0;0;0;0;0;0;5
id-186;0,6;0,8;0,1;0,2;-0,25;-0,78;-1;0;0;1;0;0;1;0;0;0;0;0;0;1;0;0;0;0;0;0;0;0;0;0;0;0;1;0;0;0;0;0;0;5
id-191;0,4;0,6;0,32;0,24;-0,2;-1;-1;0;0;1;0;0;0;1;0;0;0;1;0;0;0;0;0;0;0;0;0;1;0;0;0;0;0;0;1;0;0;0;0;1
id-192;0,4;0,6;0;0,16;-0,2;-1;-1;1;0;1;0;0;1;1;0;0;0;0;0;0;0;0;1;0;0;0;0;0;0;0;0;0;0;0;0;0;0;0;0;1
id-193;0,6;0,8;0;0,11;-0,35;-0,78;-0,5;1;0;1;0;1;0;0;0;0;0;0;0;0;0;0;0;0;0;1;0;0;0;0;0;0;0;0;0;0;0;0;0;5
id-194;0,4;0,4;0,17;0,16;-0,35;-1;-1;1;0;1;0;1;0;0;0;0;0;0;1;0;0;0;0;0;0;1;1;0;0;0;0;0;0;0;0;0;0;0;0;5
id-196;0,6;0,8;0,44;0,24;-0,25;-1;-1;1;0;1;0;0;0;1;0;0;0;1;1;0;0;0;0;0;0;1;0;0;0;0;0;0;0;0;0;0;0;0;0;5
id-197;0,6;0,8;0,22;0,16;-0,35;-0,78;-0,5;0;0;1;0;1;0;0;0;0;0;1;1;0;0;0;0;0;0;0;1;0;0;0;0;0;0;0;0;0;0;0;0;5
id-198;0,6;0,8;-0,05;0,11;-0,3;-1;-1;0;0;1;0;0;0;0;0;0;0;0;1;0;0;0;0;0;0;0;0;1;0;0;0;0;1;1;0;0;0;0;0;5
id-201;0,6;0,8;0,28;0,24;-0,25;0,33;-0,5;1;0;1;0;0;1;0;0;0;0;0;0;0;0;0;0;0;0;0;0;0;0;0;0;0;0;0;0;0;0;0;0;5
id-202;0,6;0,6;0,35;0,24;-0,3;-0,56;-0,5;0;0;1;0;0;0;0;0;0;0;0;0;0;0;0;0;0;0;0;0;0;0;0;0;0;0;0;0;0;0;0;0;1
id-203;0;0,4;-0,52;-0,42;-0,55;-1;-1;0;0;0;0;0;0;0;0;0;0;0;0;0;0;0;0;0;0;0;0;0;0;0;0;0;0;0;0;0;0;0;0;1
id-204;0,2;0,4;-0,25;-0,02;-0,35;-1;-1;0;0;0;1;0;0;0;0;0;0;0;0;0;0;0;0;0;0;0;0;0;0;0;0;0;0;0;0;0;0;0;0;5
id-206;0,6;0,8;0,33;0,24;-0,25;-1;-1;0;0;1;0;0;0;0;0;0;0;0;1;0;0;0;0;0;0;0;0;0;0;0;0;0;0;0;0;0;0;0;0;5
id-207;0,4;0,6;0,33;0,24;-0,25;-0,78;-1;0;0;1;0;1;0;0;0;0;0;0;1;0;0;0;0;0;0;0;0;0;0;0;0;0;0;0;0;0;0;0;0;5
id-209;0,6;0,6;0,4;0,24;-0,25;-1;-1;0;0;1;0;0;0;1;0;0;0;0;1;0;0;0;0;0;0;0;1;0;0;0;0;0;0;0;0;0;0;0;0;5
id-211;0,4;0,8;0,25;0,29;-0,3;-0,56;0;1;1;1;0;0;0;1;0;0;0;0;0;0;0;0;0;0;0;0;0;0;0;0;0;0;0;0;0;0;0;0;0;1
id-212;0,6;0,8;0;0,16;-0,5;-0,33;-0,5;1;1;1;0;1;0;1;0;0;0;0;0;0;0;0;0;0;0;0;0;0;0;0;0;0;0;0;0;0;0;0;0;5
id-214;0,4;0,6;0,11;0,11;-0,3;-0,78;-1;0;0;0;0;0;0;0;0;1;0;0;0;0;0;0;0;0;1;0;0;0;0;0;0;0;0;0;0;0;0;0;0;5
id-215;0,2;0,2;0,35;0,16;-0,3;-1;-1;0;0;0;0;0;1;0;0;0;0;1;0;1;0;0;0;0;0;0;0;0;0;0;0;0;0;0;0;0;0;0;0;1
id-217;0,6;0,8;0,37;0,24;-0,25;-0,78;-1;0;0;0;0;0;0;1;0;0;0;1;0;0;0;0;0;0;0;1;0;0;0;0;0;0;0;0;0;0;0;0;0;5
id-218;0,4;0,4;0,1;0,2;-0,35;-1;-1;0;1;0;0;1;0;0;0;0;1;0;0;0;0;0;0;0;0;0;0;0;0;0;0;0;0;0;0;0;0;0;0;1
id-219;0;0,4;-0,31;-0,69;-0,6;-0,78;-0,5;0;0;1;0;0;0;0;0;0;0;0;0;0;0;0;0;0;0;0;0;0;0;0;0;0;0;0;0;0;0;0;0;1
id-220;0,6;0,6;0,09;0,11;-0,35;-1;-1;1;0;0;0;0;0;0;1;0;0;0;0;0;0;0;0;0;0;1;1;0;0;0;0;0;0;0;0;0;0;0;0;1
id-221;0,4;0,4;0;0,24;-0,3;-0,78;-1;0;0;1;0;1;0;0;0;0;0;0;0;0;0;0;1;0;0;0;0;0;0;0;0;0;0;0;0;0;0;0;0;1
id-222;0,2;0,2;-0,3;0,07;-0,35;-0,78;-0,5;0;1;1;1;0;0;1;0;0;0;0;0;0;0;0;0;0;0;0;0;0;0;0;0;0;0;0;0;0;0;0;0;1
id-223;0,4;0,6;0,37;0,2;-0,3;-1;-1;0;1;0;0;0;0;0;0;0;0;0;0;0;0;0;1;0;0;0;0;0;0;0;0;0;0;0;0;0;0;0;0;1
id-224;0,6;0,6;-0,02;0,11;-0,3;-1;-1;0;0;1;0;0;0;0;0;0;0;0;0;0;0;0;0;0;0;0;0;0;0;0;0;0;0;0;0;0;0;0;0;5
id-226;0,6;0,8;-0,02;0,11;-0,35;-0,78;-1;0;0;0;0;0;0;0;0;0;0;0;0;0;0;0;0;0;1;0;0;0;0;0;0;0;0;0;0;0;0;0;0;5
id-229;0,4;0,6;0,76;0,56;-0,15;-0,56;-0,5;0;0;1;0;0;0;0;0;0;0;0;1;0;0;0;0;0;1;0;1;0;0;0;0;0;0;0;0;0;0;0;0;5
id-231;0,6;0,8;0,15;0,11;-0,35;-1;-1;0;0;1;0;1;1;0;0;0;0;0;0;0;0;0;0;0;0;0;0;1;0;0;0;0;0;0;0;0;0;0;0;1
id-232;0,4;0,8;0,27;0,24;-0,25;-0,78;-1;0;0;1;0;1;0;1;0;0;0;1;1;0;0;0;0;0;0;0;0;0;0;0;0;0;0;0;0;0;0;0;0;5
id-233;0,4;0,6;0,12;0,11;-0,3;-1;-1;0;1;1;0;1;1;0;0;0;0;0;1;0;0;0;0;0;0;0;1;0;0;0;0;0;0;0;0;0;0;0;0;5
id-234;0,2;0,6;0,15;0,29;-0,3;-0,56;-0,5;1;1;0;0;0;0;0;0;0;1;0;0;0;0;0;0;0;0;0;0;0;0;0;0;0;0;0;0;0;0;0;0;1
id-236;0,6;0,6;0,12;0,16;-0,3;-0,78;-1;0;1;1;0;0;0;0;0;0;0;1;0;0;0;0;0;0;0;0;0;0;0;0;0;0;0;0;0;0;0;0;0;1
id-237;0,4;0,4;-0,1;0,07;-0,4;-0,33;-0,5;0;1;0;0;0;0;0;0;0;1;0;0;0;0;0;1;0;0;0;0;0;0;0;0;0;0;0;0;0;0;0;0;1
id-238;0,6;0,8;-0,29;0,07;-0,43;-1;-1;1;1;1;0;0;0;0;0;0;0;0;0;0;0;0;0;0;0;0;0;0;0;0;0;0;0;0;0;0;0;0;0;1
id-239;0,4;0,8;0;0,07;-0,35;-0,78;-1;1;0;1;0;0;1;0;0;0;0;0;1;0;0;0;0;0;0;1;0;0;0;0;0;0;0;0;0;0;0;0;0;5
id-240;0,2;0,2;0,18;0,38;-0,1;1;0;1;0;1;0;0;1;0;1;0;0;1;0;0;0;0;1;0;0;0;0;0;0;0;0;0;0;0;1;0;0;0;0;1
id-242;0,4;0,6;-0,22;0,11;-0,3;-1;-1;1;1;0;0;0;1;0;0;0;0;0;0;0;0;0;0;0;0;0;0;0;0;0;0;0;0;0;0;0;0;0;0;1
id-249;0,6;0,8;0,1;0,24;-0,35;-1;-1;1;0;0;0;0;0;0;0;0;1;0;0;1;0;0;0;0;0;0;0;0;0;0;0;0;1;0;0;0;0;0;0;5
id-250;0,6;0,6;0,1;0,11;-0,3;-0,33;0,5;0;0;1;1;0;0;0;0;0;0;0;0;0;0;0;0;0;0;0;0;1;0;0;0;0;1;0;0;0;0;0;0;5
id-251;0,4;0,6;-0,03;0,16;-0,45;-0,78;-0,5;0;1;0;0;0;0;0;0;0;0;0;0;0;0;0;0;0;0;0;0;0;0;0;0;0;0;0;0;0;0;0;0;1
id-252;0,6;0,8;0,18;0,11;-0,3;-1;-1;1;0;1;0;1;0;0;0;0;0;0;0;0;0;0;0;0;0;0;1;0;0;0;0;0;1;0;0;0;0;0;0;5
id-253;0,4;0,4;0,21;0,16;-0,35;-1;-1;1;0;1;0;0;0;0;0;0;0;0;1;0;0;0;0;0;0;0;0;0;0;0;0;0;0;0;0;0;0;0;0;5
id-254;0,2;0,2;0,05;0,16;-0,45;-1;-1;1;1;1;0;0;0;0;1;0;0;0;0;1;0;0;0;0;0;0;0;0;1;0;0;0;0;0;0;0;0;0;0;1
id-255;0,2;0,6;0,15;0,38;-0,25;-1;-1;0;0;0;0;0;0;1;0;0;0;1;0;0;0;0;0;0;0;0;0;0;0;0;0;0;1;1;0;0;0;0;0;5
id-257;0,2;0,6;0,05;0,16;-0,3;-0,78;-1;0;1;1;0;0;0;0;0;0;0;1;0;0;0;0;0;0;0;0;0;1;0;0;0;0;0;0;0;0;0;0;0;1
id-258;0,6;0,8;0,35;0,2;-0,25;-0,33;-0,5;0;0;1;0;1;0;1;0;0;0;1;0;0;0;0;0;0;0;0;0;0;0;0;0;0;0;0;0;0;0;0;0;1
id-259;0,6;0,6;0,65;0,38;-0,3;-1;-1;0;0;1;0;1;0;0;0;0;0;0;0;0;0;0;0;0;0;0;0;0;0;0;0;0;1;0;0;0;0;0;0;5
id-260;0,2;0,4;0,33;0,33;-0,25;-1;-1;1;0;0;0;0;0;0;0;0;0;1;0;0;0;0;0;0;0;0;0;0;0;0;0;0;0;0;0;0;0;0;0;1
id-261;0,6;0,6;-0,1;0,11;-0,4;-1;-1;0;0;1;0;0;0;0;0;0;0;0;0;0;0;0;0;0;0;0;1;0;0;0;0;0;1;0;0;0;0;0;0;5
id-263;0,4;0,6;0,3;0,2;-0,3;-0,11;-0,5;0;0;1;0;1;0;1;0;0;0;0;1;0;0;0;0;0;0;0;0;0;0;0;0;0;0;0;0;0;0;0;0;5
id-264;0,2;0,4;0,39;0,33;-0,2;-1;-1;0;0;1;0;1;0;0;0;0;0;1;1;0;0;0;0;0;0;0;0;1;0;0;0;0;0;0;0;0;0;0;0;5
id-265;0,2;0,4;0,5;0,29;-0,15;-1;-1;1;0;1;0;1;0;1;0;0;0;0;0;0;0;0;0;0;1;0;0;0;0;0;0;0;1;0;0;0;0;0;0;5
id-266;0,4;0,6;0,46;0,2;-0,3;-1;-1;1;0;1;0;0;0;1;0;0;0;0;1;0;0;0;0;0;0;0;1;0;0;0;0;0;0;0;0;0;0;0;0;5
id-268;0,6;0,6;0,15;0,11;-0,3;0,11;0,5;0;0;1;0;1;1;0;1;0;0;0;0;0;0;0;0;0;0;0;0;0;0;0;0;0;0;0;0;0;0;0;0;1
id-272;0,4;0,4;-0,17;-0,02;-0,5;-0,33;-1;0;1;1;0;0;0;0;1;1;0;0;0;0;0;0;0;0;0;0;0;0;0;0;0;0;0;0;0;0;0;0;0;1
id-275;0,6;0,8;0,15;0,24;-0,25;-1;-1;1;0;1;1;0;0;0;0;0;0;1;0;0;0;0;0;0;0;1;0;0;0;0;0;0;0;0;0;0;0;0;0;5
id-276;0,4;0,6;0,23;0,11;-0,25;-0,78;-0,5;0;0;1;0;0;1;0;0;0;0;0;0;0;0;0;0;0;0;0;0;0;0;0;0;0;0;0;0;0;0;0;0;1
id-280;0,6;0,8;-0,01;0,02;-0,4;-0,78;-1;1;0;0;0;1;0;0;0;0;0;0;0;0;0;0;0;0;0;0;0;1;0;0;0;0;0;0;0;0;0;0;0;1
id-281;0,4;0,4;0,03;0,07;-0,35;-1;-1;1;0;1;0;0;0;1;0;0;0;1;1;0;0;0;0;0;0;0;0;0;0;0;0;0;0;0;0;0;0;0;0;5
id-282;0,4;0,4;0,34;0,24;-0,25;-0,78;-0,5;0;0;1;0;1;0;0;0;0;0;0;1;0;0;0;0;0;0;0;1;0;0;0;0;0;0;0;0;0;0;0;0;5
id-283;0,6;0,6;0,28;0,38;-0,25;-0,33;-0,5;0;0;0;0;1;0;0;0;0;0;0;0;0;0;0;0;0;0;0;0;0;0;0;0;0;1;0;0;0;0;0;0;5
id-284;0,6;0,6;0,2;0,24;-0,15;-1;-1;0;0;1;0;0;1;0;1;0;0;1;1;0;0;0;0;0;0;0;0;0;0;0;0;0;1;0;0;0;0;0;0;5
id-285;0,4;0,4;0,2;0,11;-0,35;-0,78;-0,5;1;0;0;0;1;1;0;0;0;0;0;0;0;0;0;0;0;1;0;0;0;0;0;0;0;0;0;0;0;0;0;0;5
id-287;0,6;0,8;-0,01;0,11;-0,4;-0,78;-1;0;0;1;0;0;1;0;1;0;0;0;0;0;0;0;0;0;0;0;0;0;0;0;0;0;0;0;0;0;0;0;0;5
id-288;-0,2;0,6;0,13;0,16;-0,4;-0,78;-1;1;0;0;0;0;0;1;0;0;0;1;1;1;0;0;0;0;0;0;0;0;0;0;0;0;0;0;0;1;0;0;0;5
id-290;0,6;0,6;0,09;0,16;-0,3;-1;-1;0;0;1;0;1;0;1;0;0;0;0;0;0;0;0;0;0;0;0;0;1;0;0;0;0;0;0;0;0;0;0;0;5
id-292;0;0,2;-0,59;-0,38;-0,55;-1;-1;0;1;0;0;1;1;0;0;0;0;0;0;0;0;0;0;0;0;0;0;0;0;0;0;0;0;0;0;0;0;0;0;1
id-294;0,4;0,6;0,55;0,29;-0,15;-1;-1;0;0;1;0;1;0;0;0;1;0;0;1;0;0;0;0;0;0;0;1;0;0;0;0;0;0;0;0;0;0;0;0;5
id-295;0,6;0,8;0,38;0,24;-0,25;-1;-1;0;0;0;0;1;0;1;0;1;0;0;0;0;0;0;0;0;0;0;0;0;0;0;0;0;0;0;0;0;0;0;0;5
id-296;0,6;0,8;0,45;0,16;-0,25;-0,78;-1;1;0;1;0;1;0;1;1;0;0;0;1;0;0;0;0;0;0;0;0;1;0;0;0;0;1;0;0;0;0;0;0;5
id-297;0,6;0,6;0,01;0,2;-0,3;-1;-1;0;0;1;0;0;0;1;0;0;0;0;0;0;0;0;0;0;0;0;0;0;0;0;0;0;0;0;0;0;0;0;0;1
id-298;0,4;0,6;-0,03;0,02;-0,4;-1;-1;1;0;1;1;1;0;0;0;0;0;0;1;0;0;0;0;0;1;0;0;0;0;0;0;0;0;0;0;0;0;0;0;5
id-300;0,6;0,8;-0,15;0,07;-0,3;-1;-1;0;0;1;0;0;0;0;0;0;0;0;0;0;0;0;0;0;0;0;0;0;0;0;0;0;1;0;0;0;0;0;0;5
id-302;0,4;0,6;0,75;0,24;-0,25;-0,78;-0,5;0;0;1;0;0;0;1;0;0;0;0;1;0;0;0;0;0;0;0;0;0;0;0;0;0;0;0;0;0;0;0;0;5
id-303;0,6;0,6;0,27;0,24;-0,3;-0,78;-1;1;0;1;0;0;0;0;0;0;0;1;1;0;0;0;0;0;0;1;0;1;0;0;0;0;0;0;0;0;0;0;0;5
id-306;0,6;0,6;-0,2;0,24;-0,35;-1;-1;0;0;1;0;1;1;0;0;0;0;0;0;0;0;0;0;0;0;0;0;0;0;0;0;0;0;0;1;0;0;0;0;5
id-310;0,8;0,8;0,43;0,29;-0,25;-0,78;-1;1;0;1;0;0;0;1;0;0;0;0;0;1;0;0;0;0;0;0;0;0;0;0;0;0;0;0;0;0;0;0;0;5
id-313;0,4;0,4;0,18;0,11;-0,35;-1;-1;0;0;1;0;1;1;0;0;1;0;0;1;0;0;0;0;0;0;0;0;0;0;0;0;0;0;0;0;0;0;0;0;1
id-315;0,4;0,6;0,15;0,11;-0,35;-0,78;-1;1;0;1;0;0;0;1;0;0;0;0;0;0;0;0;0;0;0;0;0;0;0;0;0;0;0;0;0;0;0;0;0;5
id-316;0,4;0,8;-0,03;0,07;-0,4;-1;-1;0;0;1;0;0;1;1;0;0;0;0;1;0;0;0;0;0;0;0;0;0;0;0;0;0;0;0;0;0;0;0;0;5
id-318;0,6;0,6;-0,17;0,02;-0,5;-0,11;-0,5;0;0;1;1;1;0;0;0;0;0;1;0;0;0;0;0;0;0;0;1;0;0;0;0;0;1;0;0;0;0;0;0;5
id-321;0,4;0,4;0,18;0,2;-0,35;-0,78;-1;1;1;0;0;1;0;0;0;0;0;0;1;1;0;0;0;0;0;0;0;0;0;0;0;0;0;0;0;0;0;0;0;1
id-323;0,4;0,6;0,16;0,16;-0,3;-0,78;-0,5;0;0;1;0;0;0;0;0;0;0;0;1;0;0;0;0;0;0;0;0;1;0;0;0;0;1;0;0;0;0;0;0;5
id-324;0,6;0,8;0;0,11;-0,4;-1;-1;0;0;1;0;0;0;0;0;0;0;0;1;0;0;0;0;0;0;0;0;0;0;0;0;0;0;0;0;0;0;0;0;5
id-325;0,4;0,8;0,6;0,29;-0,2;-1;-1;1;0;1;0;1;0;1;0;0;0;1;1;0;0;0;0;0;0;1;0;1;0;0;0;0;1;0;0;0;0;0;0;5
id-326;0,6;0,8;0,37;0,33;-0,2;-0,33;-0,5;1;1;1;0;0;0;0;0;0;0;0;0;0;0;0;0;0;0;0;0;0;0;0;0;0;0;0;0;0;0;0;0;1
id-328;0,4;0,6;0,01;0,11;-0,3;-0,78;-0,5;0;0;1;0;1;0;1;1;0;0;1;1;0;0;0;0;0;0;0;0;0;0;0;0;0;0;0;0;0;0;0;0;5
id-329;0,6;0,8;-0,15;0,11;-0,45;-0,78;-0,5;0;0;1;0;0;0;0;0;0;0;0;0;0;0;0;0;0;0;0;0;0;0;0;0;0;1;0;0;0;0;0;0;5
id-333;0,6;0,6;0,13;0,11;-0,3;-0,78;-0,5;0;0;1;0;0;0;1;0;0;0;0;0;0;0;0;0;0;0;0;0;0;0;0;0;0;1;0;0;0;0;0;0;5
id-334;0,6;0,6;0,25;0,29;-0,25;-1;-1;0;0;1;0;0;1;0;0;0;0;0;0;0;0;0;0;0;0;0;0;0;0;0;0;0;1;0;0;0;0;0;0;5
id-335;0,6;0,8;0,14;0,29;-0,25;-0,56;-0,5;1;0;0;0;0;1;0;0;1;0;1;1;0;0;0;0;0;0;1;1;0;0;0;0;0;0;0;0;0;0;0;0;5
id-336;0,6;0,8;0,45;0,42;-0,2;-1;-1;0;1;0;0;0;0;0;0;0;0;0;0;0;0;0;0;0;0;0;0;0;0;0;0;0;0;0;0;0;0;0;0;1
id-337;0,6;0,6;0;0,2;-0,4;-0,56;-1;0;0;1;0;0;0;0;1;1;0;0;0;1;0;0;1;0;0;0;0;0;0;0;0;0;0;0;0;0;0;0;0;1
id-338;0,4;0,6;0;0,11;-0,35;-0,78;-0,5;0;0;1;0;1;0;1;0;0;0;1;1;0;0;0;0;0;0;0;0;0;0;0;0;0;0;0;0;0;0;0;0;5
id-339;0,4;0,8;0,08;0,11;-0,35;0,33;0,5;1;0;1;0;0;0;0;0;0;0;0;0;0;0;0;0;0;0;0;0;0;0;0;0;0;0;0;0;0;0;0;0;5
id-343;0,4;0,6;0,22;0,16;-0,25;-1;-1;1;0;1;0;1;0;1;0;0;0;0;0;0;0;0;0;0;0;1;0;0;0;0;0;0;0;0;0;0;0;0;0;5
id-344;0,6;0,6;0,3;0,24;-0,35;-0,56;-0,5;0;0;1;0;0;1;0;0;0;0;0;0;0;0;0;0;0;0;0;0;0;0;0;0;0;0;0;0;0;0;0;0;5
id-345;0,4;0,4;0,35;0,24;-0,3;-1;-1;1;0;0;0;0;0;0;0;0;0;0;0;1;0;0;0;0;0;0;0;0;0;0;0;0;0;0;0;0;0;0;0;1
id-346;0,4;0,4;-0,4;0,07;-0,45;-0,56;-1;1;0;1;1;0;0;1;0;0;0;1;0;0;0;0;0;0;0;0;1;0;0;0;0;0;0;0;0;0;0;0;0;1
id-348;0,4;0,4;0,54;0,2;-0,25;-1;-1;1;0;1;0;1;0;1;0;0;0;0;1;0;0;0;0;0;0;0;0;0;0;0;0;0;0;0;0;0;0;0;0;5
id-349;0,4;0,8;0,2;0,2;-0,25;-0,33;-0,5;0;0;0;0;0;0;0;0;0;0;1;0;0;0;0;0;0;0;0;0;0;0;0;0;0;0;0;0;0;0;0;0;1
id-350;0,4;0,6;-0,16;0,02;-0,35;-0,78;-0,5;0;1;1;0;1;0;1;0;0;0;1;1;0;0;0;0;0;0;0;0;0;0;0;0;0;0;0;0;0;0;0;0;5
id-353;0,4;0,4;0,29;0,2;-0,25;1,22;0;1;0;1;0;1;0;1;0;0;0;1;1;0;0;0;0;0;0;0;0;0;0;0;0;0;0;0;1;0;0;0;0;5
id-355;0,4;0,4;-0,24;0,11;-0,4;-0,56;-1;1;0;0;0;0;0;0;0;0;0;1;0;0;0;0;0;0;0;0;0;0;0;0;0;0;0;0;0;0;0;0;0;1
id-356;0,4;0,6;-0,14;0,07;-0,35;-0,78;-0,5;1;0;1;0;1;0;0;0;0;0;1;1;0;0;0;0;0;0;1;0;1;0;0;0;0;0;0;0;1;0;0;0;5
id-357;0,4;0,8;0,63;0,29;-0,3;-0,56;-0,5;1;0;1;0;0;0;1;0;0;0;0;1;0;0;0;0;0;0;1;0;0;0;0;0;0;0;0;0;0;0;0;0;5
id-359;0,4;0,6;-0,06;0,02;-0,35;-0,78;-0,5;0;0;1;0;0;1;1;0;0;0;0;1;0;0;0;0;0;0;0;0;1;0;0;0;0;0;0;1;0;0;0;0;5
id-360;0,4;0,6;0,03;0,11;-0,3;-1;-1;0;0;1;0;1;0;0;0;0;0;0;0;0;0;0;0;0;0;0;0;0;0;0;0;0;0;0;0;0;0;0;0;5
id-361;0,4;0,6;0,02;0,02;-0,4;-0,78;-0,5;0;0;1;0;0;0;0;0;1;0;0;0;0;0;0;0;0;0;0;0;0;0;0;0;0;0;0;0;0;0;0;0;5
id-362;0,4;0,6;0,03;0,11;-0,35;-0,78;-1;1;0;1;0;0;0;0;0;0;0;0;0;0;0;0;0;0;1;0;1;0;0;0;0;0;0;0;0;0;0;0;0;5
id-363;0,2;0,6;-0,1;0,07;-0,4;-1;-1;0;1;0;0;1;0;1;0;0;0;0;0;0;0;0;0;0;0;0;0;0;0;0;0;0;0;0;0;0;0;0;0;1
id-364;0,4;0,8;0,05;0,11;-0,25;-0,78;-0,5;1;0;1;0;0;0;0;0;0;0;1;0;0;0;0;0;0;0;0;1;0;0;0;0;0;0;0;0;0;0;0;0;5
id-366;0,2;0,6;0,38;0,16;-0,35;-0,33;0;0;0;1;0;0;0;0;0;0;0;0;1;0;0;0;0;0;0;0;0;0;0;0;0;0;1;0;0;1;0;0;0;5
id-367;0,6;0,6;0,33;0,29;-0,28;-1;-1;0;0;1;0;0;0;0;0;0;1;0;0;0;0;0;0;0;0;0;0;0;0;0;0;0;0;0;0;0;0;0;0;1
id-368;0,4;0,4;0,65;0,24;-0,2;-0,78;-0,5;0;1;1;0;0;0;0;0;0;0;0;0;0;0;0;0;0;0;0;0;0;0;0;0;0;0;0;0;0;0;0;0;1
id-370;0,4;0,6;0,16;0,11;-0,35;1;1,5;0;0;1;0;0;0;0;0;0;0;1;1;0;0;0;0;0;0;0;0;0;0;0;0;0;0;0;0;0;0;0;0;5
id-371;0,6;0,8;-0,08;0,11;-0,35;-0,78;-1;1;0;0;0;0;0;0;0;0;0;1;0;0;0;0;0;0;0;0;0;0;0;0;0;0;0;0;1;0;0;0;0;5
id-372;0,6;0,8;0,48;0,24;-0,2;-0,78;-0,5;0;0;1;0;1;0;0;0;0;0;0;0;0;0;0;0;0;0;0;0;0;0;0;0;0;1;0;0;0;0;0;0;5
id-373;0,4;0,8;-0,21;0,07;-0,4;-0,11;0;0;1;1;0;0;0;1;1;0;0;0;0;0;0;0;0;0;0;0;1;0;0;0;0;0;0;0;0;0;0;0;0;1
id-374;0,8;0,8;0,2;0,29;-0,3;-0,78;-1;0;0;0;0;0;0;0;1;0;0;0;0;0;0;0;0;0;0;0;0;0;0;0;0;0;1;0;0;0;0;0;0;5
id-376;0,2;0,4;-0,06;0,11;-0,4;-1;-1;0;1;1;0;0;0;1;0;0;1;0;0;0;0;0;0;0;0;0;0;0;0;0;0;0;0;0;0;0;0;0;0;1
id-377;0,6;0,8;0,04;0,16;-0,3;-1;-1;0;0;0;0;1;0;0;0;0;0;0;0;0;0;0;0;0;0;0;0;0;0;0;0;0;0;0;0;0;0;0;0;5
id-378;0,4;0,6;0,07;0,11;-0,3;-0,78;-0,5;1;0;1;0;0;0;1;1;0;0;1;1;0;0;0;0;0;0;0;1;0;0;0;0;0;0;0;0;0;0;0;0;5
id-379;0,6;0,6;0,36;0,24;-0,2;-1;-1;0;0;1;0;1;0;1;0;0;0;0;1;0;0;0;0;0;0;0;0;0;0;0;0;0;0;0;0;1;0;0;0;5
id-380;0,4;0,6;0;0,07;-0,35;-0,56;-0,5;0;0;1;0;1;0;0;0;0;0;0;1;0;0;0;0;0;0;0;0;1;0;0;0;0;0;0;0;0;0;0;0;5
id-381;0,6;0,8;0;0,2;-0,3;-0,78;-1;0;1;0;0;0;0;0;1;0;0;0;0;0;0;0;0;0;0;0;0;0;0;0;0;0;0;0;0;0;0;0;0;1
id-382;0,6;0,8;0,26;0,2;-0,25;-1;-1;1;1;0;0;0;1;0;0;0;0;0;1;0;0;0;0;0;0;0;0;1;0;0;1;0;0;0;0;0;0;0;0;1
id-383;0,8;0,8;0,44;0,2;-0,15;-1;-1;0;0;0;0;1;0;0;0;0;0;1;0;1;0;0;0;0;0;0;0;0;0;0;0;0;1;0;0;0;0;0;0;5
id-384;0,4;0,4;-0,25;0,07;-0,45;-0,56;-0,5;0;0;1;0;0;0;0;1;0;0;1;0;0;0;0;0;0;0;0;0;0;0;0;0;0;0;0;0;0;0;0;0;5
id-385;0,4;0,6;0,3;0,24;-0,3;-0,56;-0,5;0;0;1;0;0;0;0;0;0;0;1;1;0;0;0;0;0;0;0;0;0;0;0;0;0;0;0;0;0;0;0;0;5
id-386;0,8;1;0,08;0,07;-0,3;-0,78;-0,5;1;0;1;0;0;0;1;0;0;0;0;0;0;0;0;0;0;0;0;0;0;0;0;0;0;0;0;0;0;0;0;0;5
id-388;0,6;0,8;0,1;0,24;-0,25;-0,78;-0,5;0;0;1;0;1;0;0;0;0;0;0;0;0;0;0;0;0;0;0;0;0;0;0;0;0;0;0;0;0;0;0;0;5
id-390;0,6;0,8;0,27;0,29;-0,25;-0,78;-1;1;0;1;0;0;1;1;0;0;0;1;1;1;0;0;0;0;0;0;0;0;0;0;0;0;0;0;0;0;0;0;0;5
id-391;0,6;0,6;0,3;0,24;-0,25;-1;-1;0;0;0;0;0;0;0;0;0;0;1;0;0;0;0;0;0;0;0;0;0;0;0;0;0;0;0;0;0;0;0;0;1
id-392;0,2;0,4;0,41;0,29;-0,25;-1;-1;1;0;1;0;0;0;1;0;0;0;0;1;0;0;0;0;0;0;0;0;0;0;0;0;0;0;0;0;0;0;0;0;5
id-393;0,6;0,6;0,45;0,29;-0,3;-0,56;-0,5;0;0;1;1;0;0;1;0;0;0;0;1;0;0;0;0;0;0;0;1;0;0;0;0;0;0;0;0;0;0;0;0;5
id-394;0,4;0,6;0,23;0,2;-0,25;-1;-1;1;0;0;0;0;1;0;0;0;0;0;0;1;0;0;0;0;0;0;0;0;0;0;0;0;0;0;0;0;0;0;0;1
id-395;0;0;0,08;0,24;-0,3;-0,78;-1;1;0;1;0;1;1;0;0;0;0;1;0;0;0;0;0;0;0;0;0;0;0;0;0;0;0;0;0;0;0;0;0;1
id-396;0,4;0,6;-0,15;0,02;-0,55;-1;-1;0;0;1;0;0;1;0;0;0;1;0;1;0;0;0;0;0;0;0;0;0;0;0;0;0;0;0;0;0;0;0;0;1
id-397;0,6;0,6;0,69;0,33;-0,25;-0,78;-1;1;1;0;0;0;0;0;0;0;0;0;0;0;0;0;0;0;0;0;0;0;0;0;0;0;0;0;0;0;0;0;0;1
id-398;0,4;0,6;0,44;0,2;-0,3;-1;-1;0;0;1;0;0;0;1;0;0;0;0;1;1;0;0;0;0;0;0;0;0;0;0;0;0;0;0;0;0;0;0;0;5
id-402;0,6;0,8;0,28;0,33;-0,25;-1;-1;1;0;1;0;0;0;0;0;0;0;0;0;0;0;0;0;0;0;0;0;0;0;0;0;0;1;0;0;0;0;0;0;5
id-403;0,4;0,6;0,32;0,2;-0,25;0,11;-0,5;0;0;1;0;0;0;1;0;0;0;0;0;0;0;0;0;0;0;1;0;0;0;0;0;0;0;0;0;0;0;0;0;5
id-404;0,4;0,6;0,23;0,16;-0,35;-0,56;-1;0;1;1;0;1;0;1;0;0;0;1;1;0;0;0;0;0;0;1;0;1;0;0;0;0;1;0;0;0;0;0;0;5
id-406;0,6;0,6;0,4;0,2;-0,4;-1;-1;0;0;1;0;0;0;0;1;0;0;0;0;0;0;0;0;0;0;0;0;0;0;0;0;0;1;0;0;0;0;0;0;5
id-407;0,6;0,8;0,05;0,2;-0,3;-0,56;0;0;1;1;0;0;0;0;1;0;0;1;0;0;0;0;0;0;0;0;0;0;0;0;0;0;0;0;0;0;0;0;0;5
id-409;0,6;0,6;0;0,11;-0,35;-0,78;-0,5;0;0;1;0;1;0;0;0;0;0;0;1;0;0;0;0;0;0;0;0;0;0;0;0;0;0;0;0;0;0;0;0;5
id-410;0,6;0,8;0,25;0,2;-0,15;-0,78;-1;1;0;0;0;1;0;0;0;0;0;0;0;1;0;0;0;0;0;0;0;0;0;0;0;0;0;0;0;0;0;0;0;1
id-411;0,2;0,4;0,18;0,33;-0,4;-1;-1;1;0;1;0;0;0;0;0;0;0;1;1;0;0;0;0;0;0;0;0;0;0;0;0;0;0;0;1;0;0;0;0;5
id-412;0,6;0,6;0,46;0,24;-0,2;-0,56;-0,5;1;0;1;0;0;0;1;0;0;0;1;1;0;0;0;0;0;0;1;1;0;0;0;0;0;0;0;0;0;0;0;0;5
id-413;0,6;0,8;0,28;0,11;-0,25;-0,33;0;1;0;0;0;1;1;1;0;0;0;1;0;0;0;0;0;0;0;0;0;1;0;0;0;0;0;0;0;0;0;0;0;5
id-414;0,6;0,8;0,25;0,33;-0,2;-0,33;0;0;0;1;0;0;0;0;0;0;0;0;0;0;0;0;0;0;0;0;0;0;0;0;0;0;1;0;0;0;0;0;0;5
id-415;0,4;0,4;-0,1;0,11;-0,35;-1;-1;0;0;1;0;1;0;0;0;0;0;1;1;0;0;0;0;0;0;0;0;0;0;0;0;0;0;0;0;0;0;0;0;5
id-416;0,4;0,6;0,47;-0,56;0,7;-1;-1;0;1;1;0;0;0;0;0;0;0;0;1;0;0;0;0;0;0;0;0;0;0;0;0;0;0;0;0;0;0;0;0;1
id-418;0,6;0,6;0,2;0,11;-0,35;-0,78;-0,5;0;0;1;0;1;0;0;0;0;0;0;0;0;0;0;0;0;0;0;0;0;0;0;0;0;1;0;0;0;0;0;0;5
id-419;0,8;0,8;0,31;0,2;-0,3;-0,78;-1;0;0;1;0;1;0;1;0;0;0;0;1;0;0;0;0;0;0;0;0;0;0;0;0;0;0;0;0;0;0;0;0;5
id-420;0,6;0,8;0,39;0,16;-0,3;-1;-1;1;0;1;0;1;0;0;0;0;0;1;1;1;0;0;0;0;0;1;0;1;0;0;0;0;0;0;0;0;0;0;0;5
id-421;0,6;0,8;0,25;-0,02;-0,3;-1;-1;1;0;0;0;1;0;0;1;0;0;0;0;0;0;0;0;0;0;0;0;0;0;0;0;0;0;0;0;0;0;0;0;5
id-422;0,4;0,4;-0,16;0,02;-0,25;-0,78;-1;0;0;1;0;0;1;1;0;0;0;1;1;0;0;0;0;0;0;0;0;0;0;0;0;0;0;0;0;0;0;0;0;5
id-424;0,8;0,8;0,15;0,29;-0,4;-0,78;-0,5;0;0;0;0;0;0;0;0;0;0;0;0;0;0;0;0;0;0;0;0;0;0;0;0;0;1;0;0;0;0;0;0;5
id-425;0,6;0,8;0,01;0,16;-0,3;0,78;-1;0;0;1;0;1;0;1;0;1;0;1;0;0;0;0;0;0;0;0;0;0;0;0;0;0;0;0;0;0;0;0;0;1
id-426;0,4;0,6;0,07;0,16;-0,4;-0,33;-1;0;0;1;0;0;0;1;1;0;0;0;1;0;0;0;0;0;0;1;0;1;0;0;0;0;0;0;0;0;0;0;0;5
id-427;0,8;1;0,7;0,33;-0,2;-0,33;-0,5;1;0;1;0;0;0;0;0;0;0;1;1;1;0;0;1;0;0;1;0;0;0;0;0;0;0;0;0;0;0;0;0;5
id-428;0,4;0,4;0,13;0,2;-0,25;-0,78;-1;1;0;0;0;1;0;0;0;0;0;0;0;1;0;0;0;0;0;0;0;0;0;0;0;0;0;0;0;0;0;0;0;1
id-429;0,4;0,8;-0,09;0,11;-0,4;-0,78;-0,5;1;0;1;0;0;0;1;0;0;0;1;1;0;0;0;0;0;0;1;0;0;0;0;0;0;0;0;0;0;0;0;0;5
id-431;0,4;0,8;-0,01;0,16;-0,35;-0,33;0;0;0;1;1;0;0;1;0;0;0;0;1;0;0;0;0;0;0;0;0;1;0;0;0;0;0;0;0;0;0;0;0;5
id-432;0,6;0,6;0,48;0,33;-0,2;-0,78;-1;0;0;1;0;1;1;0;0;0;0;1;1;0;0;0;0;0;0;0;0;0;0;0;0;0;0;1;0;0;0;0;0;5
id-433;0,4;0,6;-0,15;0,11;-0,4;-1;-1;0;1;0;0;0;0;1;0;0;0;0;0;0;0;0;0;0;0;0;0;0;0;0;0;0;0;0;0;0;0;0;0;1
id-435;0,6;0,6;-0,24;0,07;-0,4;-1;-1;0;1;1;0;1;0;0;0;0;1;0;0;0;0;0;0;0;0;0;0;0;0;0;0;1;0;0;0;0;0;0;0;1
id-436;0,4;0,6;0,18;0,2;-0,3;0,11;-0,5;0;0;1;0;0;0;1;0;0;0;0;1;0;0;0;0;0;0;0;0;0;0;0;0;0;0;0;0;0;0;0;0;5
id-437;0,6;0,8;0,05;0,11;-0,3;-0,56;-0,5;0;0;0;0;0;0;0;0;0;1;0;0;0;0;0;0;0;0;0;0;0;0;0;0;0;0;0;0;0;0;0;0;5
id-440;0,6;0,8;0,1;0,11;-0,4;-0,78;-0,5;0;0;1;0;0;1;0;0;0;0;0;0;0;0;0;0;0;0;0;0;0;0;0;0;0;0;0;0;0;0;0;0;5
id-441;0,6;0,8;-0,05;0,16;-0,3;-1;-1;0;0;1;1;0;0;0;0;0;0;0;0;0;0;0;0;0;0;0;0;0;0;0;0;0;1;0;0;0;0;0;0;5
id-442;0,4;0,6;0,21;0,24;-0,3;0,33;0;1;0;1;0;1;0;0;0;1;0;0;1;1;0;0;0;0;0;0;1;0;0;0;0;0;0;0;0;0;0;0;0;1
id-444;0,4;0,6;-0,19;0,11;-0,45;-0,78;-0,5;0;0;1;1;0;0;1;0;0;0;1;1;0;0;0;0;0;0;0;0;0;0;0;0;0;0;0;0;0;0;0;0;5
id-445;0,4;0,6;0,03;0,11;-0,35;-1;-1;0;0;1;0;0;0;1;0;1;0;0;1;0;0;0;0;0;0;0;0;0;0;0;0;0;0;0;0;0;0;0;0;5
id-450;0,2;0,6;0,15;0,11;-0,25;-1;-1;1;0;1;0;0;1;0;0;0;0;1;1;0;0;0;0;0;0;1;0;0;0;0;0;0;0;0;0;0;0;0;0;5
id-451;0,4;0,6;0,3;0,2;-0,2;-1;-1;0;0;1;0;0;0;0;0;1;0;0;0;0;0;0;0;0;0;0;1;0;0;0;0;0;0;0;0;0;0;0;0;5
id-452;0,2;0,6;-0,32;-0,02;-0,45;-1;-1;1;1;0;0;1;0;0;0;0;1;0;0;1;0;0;0;0;0;0;0;0;0;0;0;0;0;0;0;0;0;0;0;1
id-453;0,6;0,8;0,23;0,2;-0,25;0,11;-0,5;0;0;1;0;0;0;0;1;0;0;1;1;0;0;0;0;0;0;0;1;0;0;0;0;0;0;0;0;0;0;0;0;5
id-454;0,6;0,8;0,38;0,33;-0,3;-0,78;-0,5;1;1;0;0;1;0;0;0;0;0;0;0;0;0;0;0;0;0;0;0;0;0;0;0;0;0;0;0;0;0;0;0;5
id-455;0,6;1;0,5;0,11;-0,25;-0,78;-0,5;0;0;1;0;0;0;0;0;0;0;0;0;0;0;0;0;0;0;0;1;0;0;0;0;0;0;0;0;0;0;0;0;5
id-456;0,6;0,6;-0,05;0,07;-0,35;-0,56;-0,5;1;0;1;0;0;0;0;0;0;0;1;1;0;0;0;0;0;0;0;0;0;0;0;0;0;0;0;0;0;0;0;0;5
id-457;0,4;0,4;0,07;0,11;-0,3;-1;-1;0;0;1;0;0;0;1;0;0;0;0;1;0;0;0;0;0;0;0;0;1;0;0;0;0;0;0;0;0;0;0;0;5
id-461;-1;-0,8;-0,03;0,11;-0,3;0,33;0;0;1;1;1;0;1;0;0;0;0;1;1;0;0;0;0;0;0;0;1;0;0;0;0;0;0;0;0;0;0;0;0;1
id-462;0,4;0,6;0,1;0,29;-0,35;-1;-1;0;0;0;0;1;0;1;0;0;0;0;0;1;0;0;0;0;0;0;0;0;1;0;0;0;0;0;0;0;0;0;0;1
id-463;0,4;0,6;0,32;0,33;-0,25;-0,78;-1;1;1;1;0;1;0;0;0;1;0;0;1;0;0;0;1;0;0;1;0;1;0;0;0;0;0;0;0;0;0;0;0;1
id-464;0,4;0,8;0,04;0,11;-0,3;-0,56;-1;1;0;1;0;0;0;1;1;0;0;1;1;0;0;0;0;0;0;0;0;0;0;0;0;0;0;0;0;1;0;0;0;5
id-465;0,6;0,6;0,03;0,07;-0,35;-1;-1;0;0;1;0;1;0;0;0;0;0;0;1;0;0;0;0;0;0;0;0;0;0;0;0;0;0;0;0;0;0;0;0;5
id-467;0,6;1;0,34;0,24;-0,25;-0,11;-0,5;1;0;1;0;1;0;0;0;0;1;0;0;0;0;0;0;0;0;0;0;0;0;0;0;0;0;0;0;0;0;0;0;1
id-468;0,2;0,4;0,2;0,2;-0,3;-0,56;-0,5;1;0;0;0;0;0;0;0;0;0;1;0;0;0;0;0;0;0;1;1;0;0;0;0;0;0;0;1;0;0;0;0;5
id-469;0,4;0,4;0,25;0,24;-0,25;-0,78;-0,5;0;1;0;0;0;0;0;0;0;0;0;0;0;0;0;0;0;0;0;0;0;0;0;0;0;0;0;0;0;0;0;0;1
id-471;0,4;0,6;0,24;0,2;-0,35;-1;-1;0;0;1;0;0;0;0;0;1;0;0;1;0;0;0;0;0;0;0;0;0;0;0;0;0;0;0;0;0;0;0;0;5
id-472;0,6;0,8;0,74;0,29;-0,3;-0,78;-1;1;0;1;0;0;1;0;0;0;0;0;0;0;0;0;1;0;0;0;0;0;0;0;0;0;1;0;0;0;0;0;0;5
id-473;0,6;0,8;0,2;0,16;-0,3;-0,56;-0,5;1;0;1;0;1;0;0;1;0;0;0;0;0;0;0;0;0;0;0;1;0;0;0;0;0;1;0;0;0;0;0;0;5
id-474;0,4;0,4;0,35;0,29;-0,25;-0,11;0;1;0;1;0;0;0;1;0;0;0;0;0;0;0;0;0;0;0;0;0;0;0;0;0;0;0;0;0;0;0;0;0;5
id-475;0,6;1;0,12;0,11;-0,3;-0,33;0;0;0;1;0;0;0;0;0;0;0;0;1;0;0;0;0;0;0;0;0;0;0;0;0;0;0;0;0;0;0;0;0;5
id-476;0,4;0,6;0,15;0,11;-0,35;-1;-1;0;0;1;0;0;0;0;1;0;0;0;1;0;0;0;0;0;0;0;0;1;0;0;0;0;0;0;0;0;0;0;0;5
id-477;0,4;0,6;0,38;0,24;-0,3;-1;-1;1;0;1;0;1;0;0;0;0;0;0;1;0;0;0;0;0;0;0;1;0;0;0;0;0;0;0;0;0;0;0;0;5
id-478;0,8;0,8;0,3;0,16;-0,35;-1;-1;0;0;1;0;1;0;0;0;0;0;0;1;0;0;0;0;0;0;0;1;0;0;0;0;0;1;0;0;0;0;0;0;5
id-479;0,6;0,8;0,07;0,11;-0,35;-0,78;-1;0;0;1;1;0;0;0;0;0;0;0;0;0;0;0;0;0;0;0;0;0;0;0;0;0;1;0;0;0;0;0;0;5
id-480;0,6;0,8;0,59;0,2;-0,2;-0,56;-0,5;1;1;1;0;0;1;0;1;0;0;1;0;0;0;0;0;0;0;0;0;0;0;0;0;0;0;0;0;0;0;0;0;5
id-481;0,6;0,8;0,25;0,38;-0,3;-0,56;-0,5;0;0;1;0;0;1;0;0;0;0;0;1;0;0;0;0;0;0;0;1;0;0;0;0;0;1;0;0;0;0;0;0;5
id-482;0,6;0,8;0,37;0,2;-0,3;-1;-1;0;0;1;0;0;0;0;0;1;0;0;1;0;0;0;0;0;0;1;0;0;0;0;0;0;0;0;0;0;0;0;0;1
id-483;0,4;0,6;-0,23;0,02;-0,35;-1;-1;0;0;1;1;1;0;0;0;0;0;1;1;0;0;0;0;0;0;0;0;0;0;0;0;0;0;0;0;0;0;0;0;5
id-484;0,4;0,6;0,01;0,2;-0,35;-0,11;-1;0;0;1;0;0;0;1;1;0;0;0;1;0;0;0;0;0;0;0;0;1;0;0;0;0;0;0;0;0;0;0;0;5
id-485;0,4;0,8;0,16;0,2;-0,25;-1;-1;1;0;1;0;0;0;0;0;0;0;1;0;0;0;0;0;0;0;0;1;0;0;0;0;0;0;0;0;0;0;0;0;1
id-486;0,2;0,2;-0,6;-0,07;-0,5;-1;-1;0;1;0;0;0;0;0;0;0;1;0;0;0;0;0;0;0;0;0;0;0;0;0;0;0;0;0;0;0;0;0;0;1
id-488;0,2;0,6;0,34;0,29;-0,25;-0,33;-0,5;0;0;1;0;0;0;1;0;0;0;0;1;0;0;0;0;0;0;0;0;0;0;0;0;0;0;0;1;0;0;0;0;5
id-489;0,4;0,6;0;0,11;-0,35;-1;-1;1;1;0;0;1;0;1;0;0;0;0;0;0;0;0;0;0;0;0;0;0;0;0;0;0;1;0;0;0;0;0;0;5
id-490;0,6;0,6;0,4;0,38;-0,4;-0,78;-0,5;0;0;1;0;0;0;0;0;0;0;0;0;0;0;0;0;0;0;0;0;0;0;0;0;0;1;0;0;0;0;0;0;5
id-491;0,6;0,8;0,24;0,2;-0,35;-0,78;-1;0;0;1;0;0;0;0;0;0;0;0;0;0;0;0;0;0;0;0;0;0;0;0;0;0;0;0;0;0;0;0;0;5
id-492;-0,4;0,4;0,35;0,11;-0,2;-0,56;-1;0;1;1;0;1;0;0;0;1;0;1;1;0;0;0;0;0;0;0;0;0;0;0;0;0;0;0;0;0;0;0;0;1
id-493;0,6;0,8;0,73;0,33;-0,2;-1;-1;1;0;1;0;0;0;0;0;0;0;1;1;0;0;0;0;0;0;1;0;0;0;0;0;0;0;0;0;0;0;0;0;5
id-495;0,4;0,8;0,13;0,16;-0,35;-0,78;-1;1;0;1;0;1;0;1;0;0;0;1;1;0;0;0;0;0;0;0;0;0;0;0;0;0;0;0;1;0;0;0;0;5
id-496;0,8;0,8;0,35;0,38;-0,3;-1;-1;0;0;0;0;1;0;1;0;0;0;0;0;0;0;0;0;0;0;0;0;0;0;0;0;0;1;0;0;0;0;0;0;5
id-497;0,4;0,4;-0,01;0,16;-0,3;-1;-1;1;1;1;0;1;1;0;0;0;0;1;0;0;0;0;0;0;0;0;0;0;0;0;0;0;0;0;1;0;0;0;0;1
id-498;0,4;0,4;-0,06;0,07;-0,45;-0,78;-1;1;0;1;0;0;0;1;0;0;0;0;1;0;0;0;0;0;0;0;1;0;0;0;0;0;0;0;0;0;0;0;0;5
id-499;0,6;0,6;0,11;0,2;-0,3;-0,78;-1;1;1;0;0;0;1;0;0;0;0;0;0;0;0;0;0;0;0;0;0;1;0;0;0;0;0;0;0;0;0;0;0;1
id-501;0,4;0,8;0,14;0,11;-0,35;-0,78;-0,5;0;0;1;0;0;0;0;0;0;0;0;0;0;0;0;0;0;0;0;0;0;0;0;0;0;1;0;0;0;0;0;0;5
id-504;0,6;0,8;0,48;0,2;-0,3;-1;-1;0;0;0;0;1;1;0;0;0;0;0;0;0;0;0;0;0;0;0;0;0;0;0;0;0;1;0;0;0;0;0;0;5
id-505;0,6;0,8;0,15;0,24;-0,35;-0,56;-0,5;0;1;1;0;0;0;0;0;0;0;1;0;0;0;0;0;0;0;0;0;1;0;0;0;0;1;0;0;0;0;0;0;5
id-506;0,4;0,6;0,35;0,29;0,2;-0,78;-0,5;0;1;0;0;1;0;0;0;0;0;1;0;0;0;0;0;0;0;0;1;0;0;0;0;0;0;0;0;0;0;0;0;1
id-507;0,4;0,6;-0,21;0,07;-0,4;-0,56;-0,5;1;1;1;0;0;1;0;0;0;0;1;1;0;0;0;0;0;0;0;0;0;0;0;0;0;0;0;0;0;0;0;0;5
id-508;0,2;0,6;0,24;0,16;-0,3;-0,33;-0,5;1;0;1;0;0;0;1;0;0;0;0;1;1;0;0;0;0;0;0;0;0;0;0;0;0;0;0;0;0;0;0;0;5
id-509;0,6;0,8;0,42;0,24;-0,25;-0,56;-0,5;1;0;0;0;1;0;1;0;0;0;0;0;0;0;0;0;0;1;0;0;1;0;0;0;0;1;0;0;0;0;0;0;5
id-510;0,4;0,4;-0,4;0,07;-0,25;-0,11;-0,5;0;0;1;0;0;0;0;0;0;0;1;0;0;0;0;0;0;0;0;0;0;0;0;0;0;0;0;0;0;0;0;0;1
id-511;0,4;0,6;-0,25;-0,02;-0,4;-1;-1;0;0;1;0;0;0;1;0;0;0;0;0;0;0;0;0;0;0;0;0;1;0;0;0;0;0;0;0;0;0;0;0;1
id-512;0,6;0,6;0,18;0,16;-0,3;-1;-1;0;1;0;0;0;0;0;0;0;0;0;0;1;0;0;0;0;0;0;0;0;0;0;0;0;0;0;0;0;0;0;0;1
id-513;0,4;0,4;0,04;0,16;-0,4;-0,78;-0,5;0;0;2;1;0;0;0;0;0;0;0;2;0;0;0;0;0;0;0;0;1;0;0;0;0;0;0;0;0;0;0;0;5
id-515;0,4;0,4;0,15;0,2;-0,3;-1;-1;1;0;1;1;0;0;1;0;0;0;0;1;0;0;0;0;0;0;0;1;0;0;0;0;0;1;0;0;0;0;0;0;5
id-518;0,4;0,8;-0,28;0,02;-0,45;-0,56;-1;1;1;1;0;0;0;0;0;0;0;0;0;0;0;0;0;0;0;0;0;0;0;0;0;0;0;0;0;0;0;0;0;1
id-519;0,4;0,6;0,34;0,11;-0,35;-1;-1;1;0;1;0;0;0;1;0;1;0;0;1;0;0;0;0;0;1;1;1;0;0;0;0;0;0;0;0;0;0;0;0;5
id-520;0,8;1;0,3;0,2;-0,3;-0,78;-1;0;0;1;0;1;0;0;0;0;0;0;1;0;0;0;0;0;0;0;0;0;0;0;0;0;0;0;0;0;0;0;0;5
id-522;0,4;0,6;0,22;0,2;-0,4;-0,33;-1;1;0;1;0;0;0;0;1;0;0;0;1;0;0;0;0;0;0;0;1;0;0;0;0;0;1;0;0;0;0;0;0;5
id-523;0,6;0,6;0,3;0,38;-0,2;-0,56;-1;1;0;1;0;1;0;1;0;0;0;0;0;0;0;0;0;0;0;0;1;0;0;0;0;0;0;0;0;0;0;0;0;5
id-524;0,4;0,4;0,2;0,24;-0,3;-1;-1;0;1;1;0;1;0;0;0;0;0;1;1;0;0;0;0;0;0;0;0;1;0;0;0;0;0;0;0;0;0;0;0;1
id-525;0,4;0,4;-0,21;-0,07;-0,45;-1;-1;0;1;1;0;1;0;0;0;0;1;1;0;0;0;0;1;0;0;0;0;0;0;0;0;0;0;0;0;0;0;0;0;1
id-526;0,2;0,6;0,75;0,38;-0,35;-1;-1;1;0;1;0;0;0;0;0;0;0;0;0;0;0;0;0;0;0;0;0;1;0;0;0;0;0;0;0;1;0;0;0;5
id-527;0,4;0,4;-0,1;0,11;-0,3;-1;-1;0;0;1;0;0;0;0;0;0;0;0;1;0;0;0;0;0;0;0;0;1;0;0;0;0;0;0;0;0;0;0;0;5
id-528;0,4;0,4;0,15;0,16;-0,35;-0,78;-0,5;0;0;1;0;1;0;1;0;0;0;1;1;0;0;0;0;0;0;0;0;0;0;0;0;0;0;0;0;0;0;0;0;5
id-529;0,4;0,8;0,05;0,11;-0,35;-0,78;-0,5;1;0;1;0;0;1;1;0;0;0;0;1;0;0;0;0;0;0;0;0;0;0;0;0;0;0;0;0;0;0;0;0;5
id-532;0,4;0,4;0,35;0,2;-0,35;-0,78;-0,5;0;0;1;0;1;1;0;0;0;0;0;1;0;0;0;0;0;0;0;0;0;0;0;0;0;0;0;0;0;0;0;0;5
id-533;0,2;0,6;0,31;0,16;-0,3;-1;-1;1;0;0;0;1;0;1;0;0;0;1;0;1;0;0;0;0;0;0;0;0;0;0;0;0;1;0;0;1;0;0;0;5
id-536;0,6;0,8;0,45;0,29;-0,15;-0,78;-1;0;1;1;0;1;0;1;0;0;0;0;0;0;0;0;0;0;0;1;0;0;0;0;0;0;1;0;0;0;0;0;0;5
id-537;0,4;0,6;-0,27;-0,07;-0,35;-1;-1;0;1;0;0;1;0;1;0;0;1;1;0;0;0;0;0;0;0;0;0;0;0;0;0;0;0;0;0;0;0;1;0;1
id-538;0,6;0,8;0,57;0,24;-0,2;-0,78;-0,5;0;0;0;0;1;0;0;0;0;0;0;0;0;0;0;0;0;0;0;0;0;0;0;0;0;1;0;0;0;0;0;0;5
id-539;0,6;0,6;0;0,2;-0,3;-1;-1;0;1;0;0;0;0;0;1;0;1;1;0;0;0;0;0;0;0;0;0;0;0;0;0;0;0;0;0;0;0;0;0;5
id-540;-0,4;-0,4;-1,07;-0,56;-0,03;-1;-1;1;1;1;0;0;1;0;0;0;0;1;0;0;0;0;0;0;0;0;0;0;0;0;0;0;0;0;0;0;0;0;0;1
id-541;0,4;0,8;0,22;0,11;-0,3;-0,11;-0,5;1;1;1;0;1;0;1;1;0;0;0;1;1;0;0;0;0;0;0;0;0;0;0;0;0;0;0;0;0;0;0;0;1
id-542;0,6;0,6;0,35;0,24;-0,25;-0,33;-0,5;1;1;0;0;0;0;0;0;0;1;0;0;0;0;0;0;0;0;0;0;0;0;0;0;0;0;0;0;0;0;0;0;1
id-543;0,4;0,8;-0,04;0,16;-0,3;-0,78;-0,5;1;0;1;0;0;0;1;0;0;0;1;1;0;0;0;0;0;0;0;0;0;0;0;0;0;0;0;0;0;0;0;0;5
id-544;0,4;0,6;0,31;0,07;-0,25;-0,78;-0,5;0;1;0;0;1;0;0;0;0;1;1;0;0;0;0;0;0;0;0;0;0;0;0;0;0;0;0;1;0;0;0;0;5
id-546;0,2;0,8;0,55;0,29;-0,2;-0,33;-1;1;0;1;0;1;0;1;0;0;0;1;0;1;0;0;0;0;0;0;0;0;0;0;0;0;1;0;0;0;0;0;0;5
id-547;0,6;0,6;0,07;0,16;-0,35;-0,78;-0,5;1;0;0;0;1;0;0;0;0;0;1;0;0;0;0;0;0;0;0;1;0;0;0;0;0;0;0;1;1;0;0;0;5
id-548;0,4;0,6;-0,19;-0,02;-0,4;-0,56;-0,5;0;0;1;0;1;0;0;0;0;0;0;1;0;0;0;0;0;1;0;0;0;0;0;0;0;0;1;0;0;0;0;0;5
id-549;0,6;0,6;0,46;0,24;-0,25;-1;-1;1;0;1;0;1;0;1;0;0;0;0;1;0;0;0;0;0;0;0;0;0;0;0;0;0;0;0;0;0;0;0;0;5
id-550;0,4;0,6;0,49;0,29;-0,25;-0,33;-0,5;0;0;1;0;1;0;0;1;0;0;0;1;0;0;0;0;0;0;0;1;0;0;0;0;0;0;0;0;0;0;0;0;5
id-551;0,4;0,6;-0,01;0,11;-0,35;-1;-1;0;0;1;0;0;0;0;0;0;0;0;0;0;0;0;0;0;0;0;0;0;0;0;0;0;0;0;0;0;0;0;0;5
id-552;0,4;0,6;0,29;0,11;-0,3;-0,78;-1;1;0;1;0;0;0;1;0;0;0;0;1;0;0;0;0;0;0;0;0;0;0;0;0;0;0;0;0;0;0;0;0;5
id-553;0,6;0,8;0,13;0,16;-0,35;-0,78;-0,5;0;0;1;0;1;0;0;0;0;0;0;0;0;0;0;0;0;0;0;1;0;0;0;0;0;1;0;0;0;0;0;0;5
id-554;0,6;0,8;0,07;0,16;-0,35;-0,78;-1;1;0;1;0;1;0;0;0;0;0;0;1;0;0;0;0;0;0;0;0;0;0;0;0;0;0;0;0;0;0;0;0;5
id-555;0,4;0,6;0,3;0,16;-0,35;-0,56;-0,5;0;0;1;0;0;1;1;0;0;0;1;1;0;0;0;0;0;0;0;0;0;0;0;0;0;0;0;0;0;0;0;0;5
id-557;0,6;0,8;0,64;0,29;-0,15;-1;-1;0;1;1;0;0;1;0;1;0;0;1;0;0;0;0;0;0;0;0;0;0;0;0;0;0;1;0;0;0;0;0;0;5
id-560;0,6;0,8;-0,05;0,02;-0,3;-0,33;-0,5;0;0;1;0;1;0;1;0;0;0;0;1;0;0;0;0;0;0;0;0;0;0;0;0;0;0;0;0;0;0;0;0;5
id-562;0,6;0,6;-0,03;0,11;-0,5;-1;-1;0;0;1;0;0;0;0;0;0;0;0;0;0;0;0;0;0;0;0;0;0;0;0;0;0;0;1;0;0;0;0;0;5
id-563;0,2;0,4;0,35;0,2;-0,3;-0,56;-0,5;0;0;1;0;0;0;1;0;0;0;1;1;0;0;0;0;0;0;0;1;0;0;0;0;0;0;0;0;0;0;0;0;5
id-565;0,6;0,8;-0,04;0,02;-0,3;-0,56;0;1;1;0;0;1;0;0;0;0;0;0;0;0;0;0;0;0;0;0;0;0;0;0;0;0;0;0;0;0;0;0;0;1
id-566;0,6;0,6;0,33;0,29;-0,3;-1;-1;0;1;0;0;0;0;0;1;0;0;1;0;0;0;0;0;0;0;0;0;0;0;0;0;0;0;0;0;0;0;0;0;1
id-567;0,4;0,6;0,15;0,07;-0,3;-1;-1;0;0;1;0;0;0;1;0;0;0;1;1;0;0;0;0;0;0;0;1;0;0;0;0;0;0;0;1;0;0;0;0;5
id-568;0,2;0,6;0,41;0,2;-0,25;-0,78;-0,5;0;0;1;0;0;0;0;0;0;0;0;1;0;0;0;0;0;0;0;1;0;0;0;0;0;0;0;0;0;0;0;0;5
id-569;0,2;0,6;0,23;0,24;-0,3;-1;-1;1;1;1;0;0;1;0;0;0;0;0;1;0;0;0;0;0;0;0;1;0;0;0;0;0;1;0;0;0;0;0;0;5
id-570;0,6;0,8;0,17;0,11;-0,4;-1;-1;1;0;1;0;1;0;1;0;0;0;0;1;0;0;0;0;0;0;0;1;0;0;0;0;0;0;0;0;0;0;0;0;5
id-573;0,6;0,6;0,1;0,16;-0,35;-1;-1;1;0;1;0;0;0;1;0;0;0;0;0;0;0;0;0;0;0;0;0;0;0;0;0;0;0;0;0;0;0;0;0;1
id-574;0,4;0,8;0,45;0,2;-0,3;-1;-1;0;0;0;0;0;0;0;0;0;0;0;0;0;0;0;0;0;0;0;0;0;0;0;0;0;0;0;0;0;0;0;0;1
id-575;0,4;0,6;0,32;0,24;-0,3;-0,56;-0,5;0;0;1;0;0;0;0;0;0;0;0;1;0;0;0;0;0;0;0;1;0;0;0;0;0;0;0;0;0;0;0;0;5
id-576;0,6;0,8;0,51;0,38;-0,25;-0,11;-0,5;0;0;1;0;1;0;0;0;0;0;0;0;0;0;0;0;0;0;0;1;0;0;0;0;0;0;0;0;0;0;0;0;5
id-577;0,2;0,6;-0,43;-0,02;-0,55;-0,33;0;0;0;0;0;1;0;0;0;0;0;0;0;0;0;0;1;0;0;0;0;1;0;0;0;0;1;0;0;0;0;0;0;5
id-578;0,6;0,6;0,24;0,16;-0,25;-0,78;-1;0;0;0;0;1;0;0;0;1;0;1;0;1;0;0;0;0;0;0;0;0;0;0;0;0;1;0;0;0;0;0;0;5
id-579;0,6;0,8;0,14;0,16;-0,35;-1;-1;0;1;0;0;1;0;0;0;0;0;0;0;0;0;0;0;0;0;0;1;0;0;0;0;0;0;0;0;0;0;0;0;1
id-580;0,4;0,6;0,13;0,16;-0,25;-1;-1;0;0;0;0;0;0;1;0;0;0;0;0;0;0;0;0;0;0;0;0;0;0;0;0;0;0;0;0;0;0;0;0;5
id-581;0,6;0,6;0,09;0,11;-0,45;-1;-1;0;1;0;0;0;1;1;0;0;0;1;0;0;0;0;0;0;0;0;0;0;0;0;0;0;0;0;0;0;0;0;0;5
id-582;0,6;0,8;-0,15;0,11;-0,35;-1;-1;0;0;1;0;1;0;0;0;0;0;0;0;0;0;0;0;0;0;0;0;0;0;0;0;0;1;0;0;0;0;0;0;5
id-584;0,4;0,4;0,4;0,24;-0,25;-1;-1;1;0;1;0;0;0;1;0;0;0;0;1;0;0;0;0;0;0;1;0;0;0;0;0;0;0;0;0;0;0;0;0;5
id-585;0;0,6;0,07;0,16;-0,35;-0,78;-1;1;1;1;0;1;0;1;1;0;0;1;0;0;0;0;0;0;0;0;0;0;0;0;0;0;0;0;0;0;0;0;0;5
id-586;0;0;0,2;0,29;-0,25;-1;-1;1;0;1;0;1;1;0;1;0;0;0;0;1;0;0;0;0;0;0;0;0;0;0;0;0;0;0;0;0;0;0;0;1
id-587;0,4;0,6;0,13;0,11;-0,35;-1;-1;0;0;1;0;1;0;1;0;0;0;0;1;0;0;0;0;0;0;0;0;1;0;0;0;0;0;0;0;0;0;0;0;5
id-589;0,2;0,6;-0,04;0,11;-0,35;-1;-1;0;0;1;0;1;0;1;0;0;0;0;1;0;0;0;0;0;0;0;0;0;0;0;0;0;0;0;0;0;0;0;0;5
id-592;0,2;0,4;0,12;0,2;-0,3;-1;-1;1;0;1;0;0;0;0;0;0;0;0;1;0;0;0;0;0;0;0;1;0;0;0;0;0;0;0;0;0;0;0;0;5
id-593;0,6;0,8;0,7;0,29;-0,3;-1;-1;0;0;1;0;1;0;1;1;0;0;0;0;0;0;0;0;0;0;0;1;0;0;0;0;0;0;0;0;0;0;0;0;5
id-594;0,6;0,8;0,47;0,2;-0,3;-1;-1;0;0;1;0;1;0;0;0;0;0;0;0;0;0;0;0;0;0;0;0;0;0;0;0;0;0;0;0;0;0;0;0;5
id-595;0,2;0,6;0,41;0,11;-0,3;-0,78;-0,5;0;0;1;0;0;0;0;0;0;0;1;1;0;0;0;0;0;0;0;0;0;0;0;0;0;0;0;0;0;0;0;0;5
id-596;0,6;0,6;0,31;0,16;-0,3;-0,78;-1;1;1;0;0;1;0;0;0;0;0;0;0;0;0;0;0;0;0;0;0;0;0;0;0;0;0;0;0;0;0;0;0;1
id-597;0,4;0,8;0,38;0,24;-0,3;-0,56;-1;1;0;1;0;0;0;0;0;0;0;0;0;0;0;0;0;0;0;0;1;0;0;0;0;0;0;0;0;0;0;0;0;5
id-599;0,6;0,6;0,18;0,11;-0,3;-0,56;-0,5;0;0;1;0;1;1;1;0;0;0;0;1;0;0;0;0;0;0;0;0;0;0;0;0;0;0;0;0;0;0;0;0;5
id-600;0,4;0,6;0,3;0,2;-0,3;-1;-1;1;0;1;0;0;1;0;0;0;0;0;1;0;0;0;0;0;0;0;0;0;0;0;0;0;0;0;0;0;0;0;0;5
id-601;0,4;0,6;-0,17;0,07;-0,4;-1;-1;0;0;0;0;0;0;0;0;0;0;0;0;0;0;0;0;0;0;0;0;0;0;0;0;0;0;0;0;0;0;0;0;5
id-602;0,2;0,4;0,29;0,11;-0,25;-0,56;-1;1;0;1;0;0;0;1;0;0;0;0;0;1;0;0;0;0;0;0;0;0;0;0;0;0;0;0;0;1;0;0;0;1
id-603;0,6;0,6;0,85;0,38;-0,25;-1;-1;0;0;1;0;1;1;0;0;0;0;0;0;1;0;0;0;0;0;0;0;0;0;0;0;0;1;0;0;0;0;0;0;5
id-604;0,6;0,6;0,4;0,24;-0,3;-0,78;-1;0;0;1;0;1;0;0;0;0;0;0;1;0;0;0;0;0;0;0;0;0;0;0;0;0;1;0;0;0;0;0;0;5
id-605;0,4;0,6;0,13;0,11;-0,3;-1;-1;0;0;1;0;0;0;1;0;0;0;0;1;0;0;0;0;0;0;0;0;0;0;0;0;0;0;0;0;0;0;0;0;5
id-606;0,2;0,4;0,53;0,24;-0,25;-0,78;-1;0;0;1;0;1;1;0;0;0;0;1;1;0;0;0;0;0;0;0;0;0;0;0;0;0;0;0;0;0;0;0;0;5
id-607;-0,6;0;0;0,16;-0,4;-1;-1;0;0;1;0;0;0;0;0;0;0;0;0;0;0;0;0;0;0;0;0;0;0;0;0;0;0;0;0;0;0;0;0;1
id-608;0,4;0,4;-0,16;0,02;-0,4;0,11;1;0;0;1;1;0;0;0;0;0;0;1;0;0;0;0;1;0;0;0;0;0;0;0;0;0;0;0;0;0;0;0;0;1
id-611;0,6;0,6;0,49;0,29;-0,25;-1;-1;0;0;1;0;0;0;1;0;0;0;0;0;0;0;0;0;0;0;0;0;0;0;0;0;0;0;0;0;0;0;0;0;5
id-613;0,4;0,4;0,6;0,24;-0,1;-0,56;-1;0;1;0;0;0;0;0;0;0;0;0;0;1;0;0;0;0;0;0;0;0;0;0;0;0;0;0;0;0;0;0;0;1
id-614;0,6;0,6;-0,08;0,2;-0,3;-0,11;-0,5;0;0;0;0;0;0;0;0;0;0;0;0;0;0;0;0;0;0;0;0;0;0;0;0;0;1;0;0;0;0;0;0;5
id-616;0,4;0,6;0,49;0,29;-0,25;-0,56;0;1;0;0;0;1;0;1;0;0;0;0;1;0;0;0;0;0;0;1;1;0;0;0;0;0;0;0;0;0;0;0;0;5
id-617;0,4;0,4;0,06;0,11;-0,35;-1;-1;0;0;1;0;0;0;0;0;0;0;1;1;0;0;0;0;0;0;0;0;0;0;0;0;0;0;0;0;0;0;0;0;1
id-618;0,2;0,4;0,07;0,11;-0,3;-0,78;-0,5;0;0;1;0;0;0;0;0;0;0;1;1;0;0;0;0;0;0;0;1;0;0;0;0;0;0;0;0;0;0;0;0;1
id-619;0,8;0,8;-0,03;0,11;-0,4;-1;-1;0;0;1;0;1;0;0;1;0;0;0;0;0;0;0;0;0;0;0;0;0;0;0;0;0;1;0;0;0;0;0;0;5
id-620;0,4;0,4;0,24;0,11;-0,3;-1;-1;1;0;0;0;0;1;1;0;0;0;0;0;0;0;0;0;0;0;0;0;0;0;0;0;0;0;0;0;0;0;0;0;5
id-622;-0,4;0,6;0,6;0,33;-0,2;-0,33;0;3;0;0;0;1;0;1;1;0;0;1;0;0;0;0;0;0;0;0;0;0;0;0;0;0;0;0;0;0;0;0;0;5
id-623;0,6;0,6;0,67;0,29;-0,2;-1;-1;0;0;0;0;1;0;0;0;0;0;0;0;0;0;0;0;0;0;0;0;0;0;0;0;0;0;0;0;0;0;0;0;1
id-625;0,4;0,6;0,08;0,16;-0,35;-0,56;-0,5;0;0;1;0;0;0;1;0;0;0;0;1;0;0;0;0;0;0;1;1;0;0;0;0;0;0;0;0;0;0;0;0;5
id-626;0,4;0,4;0,09;0,16;-0,35;-0,78;-1;0;0;1;1;0;0;0;0;0;0;0;1;1;0;0;0;0;0;0;0;0;0;0;0;0;1;0;0;0;0;0;0;5
id-627;0,4;0,4;0,04;0,2;-0,3;-1;-1;0;1;0;0;0;0;1;0;0;1;1;0;0;0;0;0;0;0;0;0;0;0;0;0;0;0;0;0;0;0;0;0;1
id-628;0,4;0,6;-0,03;0,16;-0,4;-1;-1;0;1;1;0;0;0;0;0;0;0;0;0;0;0;0;0;0;0;0;0;0;0;0;0;0;0;0;0;0;0;0;0;1
id-629;0,4;0,6;0,07;0,11;-0,3;-0,56;-0,5;1;0;1;0;0;0;1;0;0;0;0;1;1;0;0;0;0;0;1;0;0;0;0;0;0;0;0;0;0;0;0;0;5
id-630;0,4;0,4;-0,11;0,07;-0,4;-0,78;-0,5;0;0;1;1;0;0;1;1;0;0;0;1;0;0;0;0;0;0;0;0;1;0;0;0;0;0;0;0;0;0;0;0;5
id-631;0,4;0,4;0,19;0,16;-0,25;-0,33;-0,5;0;0;1;0;0;0;0;0;0;0;0;0;0;0;0;0;0;0;0;0;1;0;0;0;0;0;0;0;0;0;0;0;1
id-633;0,6;0,4;0,41;0,29;-0,2;-0,78;-0,5;0;0;0;0;0;0;0;0;0;0;0;0;0;0;0;0;0;0;0;0;0;0;0;0;0;0;0;0;0;0;0;0;1
id-634;0,6;0,8;0,02;0,11;-0,35;-0,78;-1;0;1;0;0;0;0;0;0;0;0;0;0;0;0;0;0;0;0;0;0;0;0;0;0;0;0;0;0;0;0;0;0;1
id-637;0,4;0,6;0,41;0,24;-0,3;-0,78;-0,5;0;0;1;0;0;0;1;0;0;0;0;1;0;0;0;0;0;1;0;0;0;0;0;0;0;0;0;0;0;0;0;0;5
id-638;0;0,6;0,2;0,16;-0,25;-0,78;-1;1;0;1;0;1;0;1;0;0;0;1;0;0;0;0;0;0;0;0;0;0;0;0;0;0;1;0;0;0;0;0;0;5
id-639;0,6;0,8;-0,05;0,11;-0,35;-0,33;0;0;0;1;0;0;0;0;0;0;0;0;1;0;0;0;0;0;1;0;0;0;0;0;0;0;0;0;0;0;0;0;0;5
id-640;0,6;0,8;0,2;0,11;-0,35;-1;-1;0;1;0;0;1;0;0;0;0;0;0;1;0;0;0;0;0;0;0;0;0;0;0;0;0;1;0;0;0;0;0;0;5
id-642;0,4;0,4;0,08;0,2;-0,35;-1;-1;1;0;0;0;0;1;0;0;0;0;1;0;0;0;0;0;0;0;0;0;0;0;0;0;0;0;0;0;0;0;0;0;1
id-643;0,6;0,8;0,18;0,24;-0,25;-0,56;-0,5;0;0;0;0;0;0;0;0;0;0;0;0;0;0;0;0;0;0;0;0;0;0;0;0;0;1;0;0;0;0;0;0;5
id-645;0,2;0,4;0,07;0,2;-0,25;-0,78;-1;0;1;0;0;0;0;0;0;0;0;0;0;0;0;0;0;0;0;0;0;0;0;0;0;0;0;0;0;0;0;0;0;1
id-647;0,4;0,6;-0,23;0,07;-0,4;-0,11;-0,5;0;1;1;0;0;0;0;0;0;0;0;0;1;0;0;0;0;0;0;0;0;0;0;0;0;0;0;0;0;0;0;0;1
id-649;0,4;0,6;0,01;0,24;-0,4;-0,56;-0,5;0;0;1;0;1;0;0;0;0;0;0;0;0;0;0;0;0;0;0;0;0;0;0;0;0;0;0;0;0;0;0;0;5
id-650;0;0,2;0,43;0,29;-0,25;-1;-1;1;0;1;0;1;0;0;0;0;0;0;0;0;0;0;0;0;0;0;0;0;0;0;0;0;0;0;0;0;0;0;0;1
id-651;0;0,4;0,65;0,56;-0,15;-1;-1;1;1;1;0;1;0;1;0;0;0;0;0;1;0;0;0;0;0;0;1;0;0;0;0;0;0;0;0;0;0;0;0;1
id-652;0,4;0,6;-0,15;0,07;-0,4;-1;-1;1;0;1;1;0;0;0;0;0;0;1;0;1;0;0;0;0;0;0;0;0;0;0;0;0;0;0;0;0;0;0;0;5
id-653;0,6;0,6;-0,13;0,07;-0,35;-0,56;-0,5;0;0;0;0;0;0;0;0;0;1;0;0;0;0;0;0;0;0;0;0;0;0;0;0;0;0;0;0;0;0;0;0;1
id-654;0,4;0,6;0,74;0,24;-0,25;-0,78;-1;0;0;1;0;1;1;0;0;0;0;0;1;0;0;0;0;0;0;0;0;0;0;0;0;0;1;0;0;0;0;0;0;5
id-655;0,6;0,6;0,47;0,29;-0,25;-1;-1;0;0;1;0;1;0;0;0;0;0;0;1;0;0;0;0;0;0;0;1;0;0;0;0;0;0;0;0;0;0;0;0;5
id-658;0,6;0,8;0,24;0,11;-0,3;-0,78;-0,5;0;0;1;0;0;1;0;0;0;0;1;0;0;0;0;0;0;0;0;0;0;0;0;0;0;0;0;0;0;0;0;0;5
id-659;0,6;0,8;0,3;0,11;-0,4;-0,56;-0,5;1;1;1;0;0;0;1;1;0;0;0;0;0;0;0;0;0;0;0;1;0;0;0;0;0;0;0;0;0;0;0;0;5
id-661;0,4;0,6;0,48;0,2;-0,2;-0,33;-1;1;1;0;0;1;0;1;0;0;0;0;0;0;0;0;0;0;0;0;0;0;0;0;0;0;0;0;0;0;0;0;0;1
id-663;0,4;0,8;0,4;0,24;-0,2;-1;-1;1;0;1;0;0;0;1;0;0;0;0;0;0;0;0;0;0;0;0;0;0;0;0;0;0;0;0;0;0;0;0;0;1
id-664;0,6;0,8;0,25;0,2;-0,3;-0,78;-0,5;1;0;1;0;0;0;1;0;0;0;1;1;0;0;0;0;0;0;0;0;1;0;0;0;0;0;0;0;1;0;1;0;5
id-667;0,4;0,6;-0,06;0,11;-0,4;-0,33;-0,5;0;0;1;0;1;1;0;0;0;0;0;0;0;0;0;0;0;0;0;0;0;0;0;0;0;0;0;0;0;0;0;0;5
id-668;0,6;0,8;0,32;0,29;-0,25;-0,78;-0,5;0;0;1;0;0;0;0;0;0;0;0;1;0;0;0;0;0;0;0;0;0;0;0;0;0;0;0;0;0;0;0;0;5
id-669;0,4;0,8;0,13;0,11;-0,35;-1;-1;0;0;1;1;1;0;0;1;0;0;0;1;0;0;0;0;0;0;0;0;1;0;0;0;0;0;0;0;0;0;0;0;5
id-670;-0,2;0,4;0,22;0,24;-0,3;-1;-1;1;0;0;0;0;0;0;0;0;0;0;0;0;0;0;0;0;0;0;0;0;0;0;0;0;1;0;0;0;0;0;0;5
id-672;0,4;0,6;0,16;0,11;-0,25;-1;-1;0;0;1;0;0;0;0;0;0;0;1;0;0;0;0;0;0;0;0;1;0;0;0;0;0;0;0;0;0;0;0;0;5
id-673;0,4;0,4;0,18;0,16;-0,3;-0,56;-0,5;1;0;1;0;1;0;0;0;0;0;1;1;0;0;0;0;0;0;1;1;0;0;0;0;0;0;0;0;0;0;0;0;5
id-674;0,6;0,6;0,12;0,11;-0,3;-0,78;-0,5;0;0;1;0;0;0;1;0;0;0;0;0;0;0;0;0;0;1;0;1;0;0;0;0;0;1;0;0;0;0;0;0;5
id-676;0,2;0,6;0,08;0,11;-0,3;-0,33;-0,5;0;0;1;0;1;0;1;0;0;0;1;1;0;0;0;0;0;0;0;0;0;0;0;0;0;0;0;0;0;0;0;0;5
id-679;0,4;0,6;0,66;0,29;-0,25;0,78;1;1;0;1;0;1;0;0;0;0;0;0;0;0;0;0;0;0;0;1;0;0;0;0;0;0;0;0;0;0;0;0;0;5
id-681;0,4;0,6;0,2;0,11;-0,3;-0,78;-1;0;0;1;0;1;0;1;0;0;0;0;1;0;0;0;0;0;0;0;0;0;0;0;0;0;0;0;0;0;0;0;0;5
id-682;0,6;0,8;0,25;0,2;-0,35;-1;-1;0;0;1;0;1;0;1;1;0;0;0;0;0;0;0;0;0;0;0;0;0;0;0;0;0;0;0;0;0;0;0;0;5
id-683;0,2;0,6;0,37;0,16;-0,2;-0,56;0;1;0;1;0;0;0;1;0;0;0;1;0;1;0;0;0;1;0;1;1;0;0;0;0;0;0;0;0;1;0;0;0;5
id-684;0,6;0,6;0,33;0,38;-0,35;-0,78;-1;1;1;0;0;1;0;1;0;0;0;1;0;0;0;0;0;0;0;0;0;1;0;0;0;0;1;0;0;1;0;0;0;5
id-685;0,6;0,8;0,64;0,24;-0,2;-1;-1;0;0;1;0;0;0;0;1;0;0;0;0;0;0;0;0;0;0;0;0;0;0;0;0;0;1;0;0;1;0;0;0;5
id-687;0,6;0,8;-0,03;0,2;-0,3;-0,56;-0,5;0;0;1;0;0;0;1;0;0;0;1;0;0;0;0;0;0;0;0;0;0;0;0;0;0;1;0;0;0;0;0;0;5
id-689;0,6;0,6;0,12;0,24;-0,3;-1;-1;0;1;1;0;0;0;0;0;0;1;1;0;1;0;0;0;0;0;0;1;0;0;0;0;0;0;1;0;0;0;0;0;5
id-691;0,4;0,6;0,35;0,24;-0,2;-0,78;-0,5;1;1;1;0;1;0;0;0;0;0;0;0;1;0;0;0;0;0;0;0;0;0;0;0;0;0;0;0;0;0;0;0;1
id-692;0,6;0,8;-0,03;0,07;-0,45;-1;-1;0;0;1;1;1;0;1;1;0;0;0;0;0;0;0;0;0;0;0;0;1;0;0;0;0;0;0;0;0;0;0;0;5
id-693;0,6;0,6;0,1;0,16;-0,35;-1;-1;0;0;1;0;1;0;0;0;0;0;0;0;0;0;0;0;0;0;0;1;0;0;0;0;0;1;0;0;0;0;0;0;5
id-694;0,8;1;0,26;0,24;-0,35;-0,56;0;1;0;1;0;0;0;1;1;0;0;0;1;0;0;0;0;0;0;0;0;1;0;0;0;0;0;0;0;0;0;0;0;5
id-696;0,6;0,8;0,58;0,29;-0,15;-0,56;-1;1;0;1;0;1;0;1;0;1;0;0;0;0;0;0;0;0;0;0;0;0;0;0;0;0;0;0;0;0;0;0;0;5
id-697;0,6;0,8;0,19;0,11;-0,25;-0,11;0;0;0;1;0;1;0;0;0;1;0;0;1;0;0;0;0;0;0;0;0;0;0;0;0;0;1;0;0;0;0;0;0;5
id-698;0,4;0,6;0,7;0,33;-0,25;-1;-1;0;0;1;0;0;0;0;1;0;0;0;0;0;0;0;0;0;0;0;1;0;0;0;0;0;0;0;0;0;0;0;0;5
id-699;0,4;0,6;0,08;0,16;-0,4;-1;-1;0;0;1;0;1;0;0;0;0;0;0;0;0;0;0;1;0;0;0;0;0;0;0;0;0;0;0;0;0;0;0;0;5
id-702;0,6;0,8;0,18;0,33;-0,25;-0,33;-0,5;1;0;1;0;0;0;0;0;0;0;0;1;0;0;0;0;0;0;0;0;0;0;0;0;0;1;0;0;0;0;0;0;5
id-704;0,4;0,6;0,43;0,29;-0,25;-0,78;-0,5;1;0;1;0;1;0;1;0;0;0;0;1;0;0;0;0;0;0;0;1;0;0;0;0;0;0;0;0;0;0;0;0;5
id-706;0,4;0,6;0,45;0,33;-0,25;-1;-1;1;1;0;0;0;0;0;1;0;0;0;0;0;0;0;1;0;0;0;0;0;0;0;0;0;0;0;0;0;0;0;0;1
id-707;0,4;0,4;-0,09;0,07;-0,35;2,11;-1;1;0;0;1;0;0;0;0;0;0;0;0;0;0;0;0;0;0;0;0;0;0;0;0;0;0;0;0;0;0;0;0;1
id-708;0,2;0,6;0,28;0,24;-0,3;-1;-1;0;1;0;0;1;0;0;0;0;0;0;0;0;0;0;0;0;0;0;0;0;0;0;0;0;0;0;0;0;0;0;0;1
id-709;0,6;0,6;-0,42;-0,07;-0,4;-1;-1;1;1;1;1;0;1;0;0;0;0;0;0;0;0;0;0;0;0;0;0;1;0;0;0;0;1;0;0;0;0;0;0;5
id-710;0,4;0,6;0,4;0,2;-0,35;-0,56;-1;0;0;1;0;1;0;0;0;0;0;0;0;0;0;0;0;0;0;0;0;0;0;0;0;0;0;0;0;0;0;0;0;5
id-711;0,2;0,4;0,12;0,16;-0,35;-0,11;-1;0;0;1;0;0;0;0;0;0;0;1;1;0;0;0;0;0;0;0;0;1;0;0;0;0;0;0;0;0;0;0;0;1
id-712;0,6;0,6;0,15;0,29;-0,25;-1;-1;0;0;0;0;0;0;0;0;0;0;0;0;0;0;0;0;0;0;0;0;0;0;0;0;0;0;0;0;0;0;0;0;1
id-713;0,2;0,6;-0,11;0,11;-0,35;-0,56;-0,5;0;0;1;0;1;1;0;0;0;0;1;1;0;0;0;0;0;0;0;0;0;0;0;0;0;0;0;0;0;0;0;0;5
id-714;0,8;1;0,14;0,16;-0,35;-0,56;-1;1;0;1;0;0;0;0;0;0;0;0;0;0;0;0;0;0;0;1;0;0;0;0;0;0;0;0;0;0;0;0;0;5
id-716;0,4;0,6;0,12;0,16;-0,25;-0,33;0;1;0;1;0;1;0;0;0;0;0;0;1;0;0;0;0;0;0;0;1;0;0;0;0;0;0;0;0;0;0;0;0;5
id-717;0,6;0,6;0,3;0,38;-0,35;-1;-1;0;0;1;0;1;0;0;0;0;0;0;1;0;0;0;0;0;0;0;0;0;0;0;0;0;1;0;0;0;0;0;0;5
id-718;0,6;0,6;0,5;0,47;-0,25;-0,78;-0,5;0;0;0;0;0;0;0;0;0;0;0;0;0;0;0;1;0;0;0;0;0;0;0;0;0;1;0;0;0;0;0;0;5
id-719;0,4;0,6;0,23;0,2;-0,4;-1;-1;0;0;1;0;0;0;1;0;0;0;0;1;0;0;0;0;0;0;0;0;0;0;0;0;0;0;0;0;0;0;0;0;5
id-721;0,4;0,4;0,03;0,16;-0,3;-1;-1;1;0;1;0;1;0;0;0;0;0;0;1;0;0;0;0;0;1;0;0;0;0;0;0;0;0;0;0;0;0;0;0;5
id-722;0,6;0,8;0,12;0,16;-0,3;-0,78;-0,5;1;0;0;0;0;0;1;1;0;0;1;0;0;0;0;0;0;0;1;0;0;0;0;0;0;0;0;0;0;0;0;0;5
id-723;0,2;0,6;0,6;0,33;-0,25;-1;-1;1;0;1;0;1;0;0;0;0;0;0;0;0;0;0;0;0;0;1;0;0;0;0;0;0;0;0;0;0;0;0;0;5
id-724;0,6;0,6;0,44;0,16;-0,35;-0,78;-1;1;1;1;1;1;0;1;0;0;0;0;1;0;0;0;0;0;0;0;1;1;0;0;0;0;0;1;0;0;0;0;0;5
id-725;0,4;0,6;-0,1;0,11;-0,25;-0,11;-1;0;0;0;0;1;1;0;0;0;0;0;0;0;0;0;0;0;0;0;0;0;0;0;0;0;0;0;0;0;0;0;0;1
id-726;0,8;0,8;0;0,11;-0,4;-1;-1;0;0;1;0;1;0;0;0;0;0;0;0;0;0;0;0;0;0;0;0;0;0;0;0;0;1;0;0;0;0;0;0;5
id-727;0,6;0,8;0,23;0,2;-0,3;-1;-1;0;0;0;0;1;0;0;0;1;0;0;0;0;0;0;0;0;0;0;0;0;0;0;0;0;1;0;0;0;0;0;0;5
id-728;0,6;0,8;0,27;0,2;-0,3;-1;-1;1;1;1;0;1;0;0;0;0;0;0;0;0;0;0;0;0;0;0;0;1;0;0;0;0;0;0;0;0;0;0;0;1
id-729;0,6;0,8;-0,11;0,07;-0,35;-0,56;-0,5;0;0;1;0;0;0;1;0;0;0;1;1;0;0;0;0;0;0;0;0;0;0;0;0;0;1;0;0;0;0;0;0;5
id-731;-0,2;0,6;-0,1;0,29;-0,45;-1;-1;0;1;0;0;0;0;0;0;0;1;0;0;0;0;0;0;0;0;0;0;0;0;0;0;0;0;0;0;0;0;0;0;1
id-732;0,4;0,4;0,32;0,24;-0,3;-0,56;-0,5;1;0;1;0;0;0;0;0;0;0;0;1;0;0;0;0;0;0;1;0;0;0;0;0;0;0;0;0;0;0;0;0;5
id-733;0,4;0,6;0,13;0,2;-0,3;-0,78;-1;0;1;0;0;0;0;0;0;0;0;1;0;0;0;0;0;0;0;0;0;0;0;0;0;0;0;0;0;0;0;0;0;1
id-734;0,4;0,4;0,02;0,16;-0,45;-1;-1;1;0;1;0;1;0;0;0;0;0;0;1;0;0;0;0;0;0;0;0;1;0;0;0;0;0;0;0;0;0;0;0;5
id-736;0,6;0,8;-0,07;0,11;-0,3;-1;-1;0;0;1;0;0;0;0;0;0;0;1;0;0;0;0;0;0;0;0;0;1;0;0;0;0;0;0;0;0;0;0;0;5
id-737;0;0,4;0,12;0,11;-0,3;-1;-1;1;0;1;0;1;0;0;0;0;0;0;1;0;0;0;0;0;0;0;0;0;0;0;0;0;0;0;0;0;0;0;0;1
id-738;0,6;0,8;0,05;0,07;-0,3;-1;-1;0;0;0;0;1;0;0;0;0;1;0;0;0;0;0;0;0;1;0;0;0;0;0;0;0;0;0;0;0;0;0;0;5
id-739;0,6;0,8;0,1;0,2;-0,4;-1;-1;0;0;1;0;1;0;1;0;0;0;0;1;0;0;0;0;0;0;0;0;1;0;0;0;0;1;1;0;0;0;0;0;5
id-740;0,4;0,4;0,1;0,11;-0,35;-1;-1;0;1;0;0;1;0;0;0;0;1;0;0;1;0;0;0;0;0;0;0;0;0;0;0;0;0;0;0;0;0;0;0;1
id-742;-0,2;0,6;0,3;0,33;-0,35;-1;-1;1;0;1;0;0;0;1;0;1;0;0;1;0;0;0;0;0;0;1;0;0;0;0;0;0;1;0;0;0;0;0;0;5
id-743;0,4;0,6;0,54;0,24;-0,2;-0,78;-0,5;0;0;0;0;1;0;1;0;0;0;0;0;0;0;0;0;0;0;0;0;0;0;0;0;0;0;0;0;0;0;0;0;5
id-744;0,4;0,6;0,14;0,2;-0,4;-1;-1;0;0;1;0;1;0;0;0;0;0;1;0;0;0;0;0;0;0;0;0;0;0;0;0;0;0;0;1;0;0;0;0;5
id-745;0,6;0,8;-0,05;0,11;-0,4;-1;-1;0;1;1;1;0;0;0;1;0;0;1;0;0;0;0;0;0;0;0;0;1;0;0;0;0;0;0;0;0;0;0;0;5
id-746;0,6;0,8;0,68;0,38;-0,15;-0,78;-0,5;0;0;1;0;1;0;0;0;0;0;0;0;0;0;0;0;0;0;0;0;0;0;0;0;0;1;0;0;0;0;0;0;5
id-747;0,4;0,6;0,28;0,24;-0,3;-0,78;-0,5;0;0;1;0;0;0;0;0;0;0;0;1;0;0;0;0;0;0;1;0;0;0;0;0;0;0;0;0;0;0;0;0;5
id-750;0,6;0,8;0,49;0,24;-0,25;-1;-1;0;0;1;0;1;1;0;0;0;0;0;1;0;0;0;0;0;0;0;0;0;0;0;0;0;0;0;0;0;0;0;0;5
id-751;0,4;0,8;0,03;0,16;-0,3;-0,78;-0,5;1;0;1;0;0;0;0;0;0;0;0;1;0;0;0;0;0;0;0;1;0;0;0;0;0;0;0;0;0;0;0;0;5
id-752;0,2;0,4;0,25;0,11;-0,2;-0,78;-0,5;1;0;1;0;0;0;0;0;0;0;1;1;0;0;0;0;0;0;1;0;0;0;0;0;0;0;0;0;0;0;0;0;5
id-753;0,6;0,6;0,3;0,2;-0,25;-1;-1;0;1;1;0;1;0;0;1;0;0;0;1;0;0;0;0;0;0;0;0;0;0;0;0;0;0;0;0;0;0;0;0;5
id-754;0,4;0,6;0,21;0,16;-0,3;-0,78;-1;1;0;1;0;1;0;0;0;0;0;0;0;0;0;0;0;0;0;0;0;0;0;0;0;0;0;0;0;0;0;0;0;5
id-755;0;0,6;-0,11;0,11;-0,35;-1;-1;0;0;0;0;0;1;1;0;0;0;1;0;1;0;0;0;0;0;0;1;0;0;0;0;0;0;0;0;1;0;0;0;5
id-756;0,4;0,6;0,25;0,2;-0,3;-1;-1;0;0;0;0;1;0;0;0;1;0;0;0;0;0;0;0;0;0;0;0;1;0;0;0;0;0;0;0;0;0;0;0;5
id-757;0,4;0,6;0,35;0,11;-0,25;-0,78;-0,5;1;0;1;0;1;0;0;0;0;0;1;1;0;0;0;0;0;0;1;1;0;0;0;0;0;0;0;0;0;0;0;0;5
id-758;0,6;0,8;0,2;0,2;-0,35;-0,56;-0,5;0;1;0;0;1;0;1;1;0;0;0;1;0;0;0;0;0;0;0;1;0;0;0;0;0;1;0;0;0;0;0;0;5
id-759;0,4;0,6;0,56;0,33;-0,25;-0,56;-0,5;0;0;1;0;0;0;0;0;0;0;0;1;0;0;0;0;0;1;0;0;0;0;0;0;0;0;0;0;0;0;0;0;5
id-760;0,6;0,8;0,53;0,29;-0,25;-0,78;-0,5;1;0;1;0;0;0;0;0;0;0;1;0;0;0;0;0;0;0;1;0;0;0;0;0;0;1;0;0;0;0;0;0;5
id-763;0,4;0,6;0,2;0,11;-0,3;-0,56;-0,5;0;0;1;0;1;0;0;0;0;0;1;1;0;0;0;0;0;0;0;0;0;0;0;0;0;0;0;0;0;0;0;0;5
id-764;0,6;0,6;0,29;0,2;-0,3;-0,78;-1;1;0;1;0;1;0;1;0;0;0;0;0;0;0;0;0;0;0;0;1;0;0;0;0;0;1;0;0;0;0;0;0;5
id-765;0,4;0,4;0,28;0,24;-0,3;-1;-1;0;1;0;0;0;0;1;0;1;0;0;0;0;0;0;0;0;0;0;0;0;0;0;0;0;0;0;0;0;0;0;0;5
id-766;0,6;0,6;-0,08;0,24;-0,3;-1;-1;0;0;1;0;1;0;0;0;0;0;0;1;0;0;0;0;0;0;0;1;0;0;0;0;0;1;0;0;0;0;0;0;5
id-768;0,4;0,4;0,2;0,11;-0,1;-1;-1;1;0;0;0;0;0;0;0;0;0;1;0;0;0;0;0;0;0;0;0;0;0;0;0;0;0;0;0;0;0;0;0;1
id-769;0,6;0,8;0,13;0,29;-0,25;-0,78;-1;0;0;1;0;1;0;0;0;0;0;0;0;0;0;0;0;0;0;0;0;0;0;0;0;0;1;0;0;0;0;0;0;5
id-770;0,2;0,4;0,28;0,24;-0,3;-0,78;-0,5;0;0;1;0;1;0;0;0;0;0;0;1;0;0;0;0;0;0;0;0;0;0;0;0;0;0;0;0;0;0;0;0;5
id-771;0,6;0,8;0,17;0,16;-0,4;-0,78;-0,5;0;0;0;0;1;0;0;1;0;0;0;0;0;0;0;0;0;0;0;0;0;0;0;0;0;1;0;0;0;0;0;0;5
id-774;0,4;0,6;0,04;0,11;-0,35;-1;-1;0;0;1;0;0;0;1;0;0;0;0;1;0;0;0;0;0;0;0;0;0;0;0;0;0;0;0;0;0;0;0;0;5
id-775;0,4;0,6;-0,12;0,02;-0,4;-0,78;-1;0;0;0;0;0;0;1;0;0;0;0;0;0;0;0;0;0;0;1;0;0;0;0;0;0;0;0;0;0;0;0;0;5
id-776;0,4;0,8;0,15;0,2;-0,25;-1;-1;0;0;0;0;0;0;0;0;0;0;0;0;0;0;0;0;0;0;0;0;0;0;0;0;0;1;0;0;1;0;0;0;5
id-777;-0,2;-0,2;-0,05;0,2;-0,4;-1;-1;1;1;1;0;1;0;0;0;0;0;0;0;1;0;0;1;0;0;0;0;0;0;0;0;0;0;0;0;0;0;0;0;1
id-779;0,6;0,8;0,63;0,47;-0,3;-0,11;0,5;0;0;1;0;1;0;0;0;0;0;0;1;0;0;0;0;0;0;0;0;0;0;0;0;0;0;0;0;0;0;0;0;5
id-780;0,6;0,6;0,35;0,24;-0,25;-0,78;-0,5;0;0;0;0;0;1;0;0;0;0;0;0;0;0;0;0;0;0;0;0;0;0;0;0;0;0;0;0;0;0;0;0;5
id-781;0,6;0,6;0,41;0,29;-0,25;-1;-1;1;0;1;0;0;0;1;0;0;0;0;1;0;0;0;0;0;0;0;0;0;0;0;0;0;0;0;0;0;0;0;0;5
id-782;0,4;0,4;0,38;0,2;-0,3;-1;-1;1;0;1;0;0;0;1;0;0;0;0;0;0;0;0;0;0;0;0;0;0;0;0;0;0;0;0;0;0;0;0;0;5
id-783;0,8;0,8;0,3;0,24;-0,25;-0,33;-0,5;1;1;0;0;0;0;0;0;0;0;0;0;1;0;0;0;0;0;0;0;0;0;0;0;0;0;0;0;0;0;0;0;1
id-784;0,6;0,6;0,1;0,16;-0,4;-1;-1;1;0;0;0;0;0;1;0;0;0;0;0;0;0;0;0;0;0;0;0;1;0;0;0;0;0;0;0;0;0;0;0;1
id-787;0,4;0,4;0,2;0,11;-0,35;-1;-1;0;0;0;0;1;0;1;0;0;0;0;0;0;0;0;0;0;0;0;0;0;0;0;0;0;0;0;0;0;0;0;0;5
id-789;0,4;0,6;0,46;0,24;-0,25;-1;-1;1;0;1;0;0;0;1;0;0;0;1;1;1;0;0;0;0;0;0;0;0;0;0;0;0;0;0;0;0;0;0;0;5
id-790;0,4;0,8;0,15;0,11;-0,35;-0,78;-1;0;0;1;0;0;0;1;0;0;0;0;1;0;0;0;0;0;0;0;0;1;0;0;0;0;0;0;0;0;0;0;0;5
id-791;0,8;0,8;0,1;0,11;-0,45;-0,56;0;0;0;1;0;1;0;0;0;0;0;0;0;0;0;0;0;0;0;0;0;0;0;0;0;0;1;0;0;0;0;0;0;5
id-792;0,6;0,8;-0,18;0,11;-0,35;-0,78;-1;0;0;1;0;1;1;0;0;0;0;1;0;0;0;0;0;0;0;0;0;0;0;0;0;0;0;0;0;0;0;0;0;5
id-794;0,6;0,6;0,19;0,11;-0,25;-0,56;-1;0;1;1;0;1;0;0;0;0;0;0;0;0;0;0;0;0;0;0;0;0;0;0;0;0;1;0;0;0;0;0;0;5
id-797;0,4;0,4;0,2;0,2;-0,35;-0,56;-1;0;0;0;0;0;0;0;0;0;0;0;0;0;0;0;0;0;0;0;0;0;0;0;0;0;0;0;0;0;0;0;0;1
id-799;0,6;0,8;0,35;0,29;-0,3;-1;-1;1;1;1;0;0;0;1;1;0;0;0;0;0;0;0;0;0;0;0;0;0;0;0;0;0;0;0;0;0;0;0;0;5
id-800;0,4;0,4;0,2;0,2;-0,23;-0,78;-1;1;0;0;0;1;0;0;0;0;0;0;0;1;0;0;0;0;0;0;0;0;0;0;0;0;0;0;0;0;0;0;0;1
id-801;0,4;0,6;0;0,16;-0,35;-0,33;0,5;1;0;0;0;0;0;0;0;0;0;0;0;0;0;0;0;0;0;0;0;0;0;0;0;0;0;0;0;0;0;0;0;5
id-803;0,4;0,6;0,27;0,16;-0,35;-0,56;0;0;0;1;0;1;0;0;0;0;0;0;0;0;0;0;0;0;0;0;0;0;0;0;0;0;0;0;0;0;0;0;0;5
id-804;0,2;0,4;0,16;0,2;-0,25;-0,78;-0,5;0;0;1;0;0;0;0;0;0;0;1;0;0;0;0;0;0;0;0;0;0;0;0;0;0;0;0;0;0;0;0;0;5
id-806;0,6;0,8;0,4;0,47;-0,35;-0,56;-0,5;0;0;1;0;0;0;0;0;0;0;1;1;0;0;0;1;0;0;0;0;0;0;0;0;0;1;0;0;0;0;0;0;5
id-807;0,4;0,4;0,16;0,16;-0,4;-0,11;-0,5;0;1;1;0;0;0;0;0;0;0;0;1;0;0;0;0;0;0;0;0;1;0;0;0;0;0;0;0;0;0;0;0;1
id-811;-0,4;-0,4;0,35;0,38;-0,2;-1;-1;1;0;0;0;0;1;0;0;0;0;1;0;0;0;0;1;0;0;0;0;0;0;0;0;0;0;0;0;0;0;0;0;1
id-813;0,6;0,6;0,15;0,33;-0,35;-1;-1;1;0;1;0;0;0;1;0;0;0;0;0;0;0;0;0;0;0;0;0;0;0;0;0;0;1;0;0;0;0;0;0;5
id-814;0,4;0,8;0,43;0,24;-0,2;-0,56;-0,5;0;0;1;0;0;0;0;1;0;0;1;1;0;0;0;0;0;0;0;0;0;0;0;0;0;0;0;0;0;0;0;0;5
id-815;0,4;0,6;0,08;0,11;-0,3;-0,78;-0,5;0;0;1;0;0;0;1;0;0;0;0;1;0;0;0;0;0;0;1;0;1;0;0;0;0;0;0;0;0;0;0;0;5
id-816;0,6;0,6;-0,08;0,07;-0,4;-1;-1;1;0;0;0;0;0;0;0;0;1;0;0;0;0;0;0;0;0;0;0;0;0;0;0;0;0;0;0;0;0;0;0;1
id-818;0,6;0,6;0,35;0,29;-0,25;-1;-1;0;0;0;0;0;0;0;0;0;0;0;0;0;0;0;0;0;0;0;0;0;0;0;0;0;1;0;0;0;0;0;0;5
id-819;0,6;0,8;0,45;0,38;-0,3;-1;-1;1;0;0;0;1;0;0;0;0;0;0;0;0;0;0;0;0;0;0;0;0;0;0;0;0;1;0;0;0;0;0;0;5
id-820;-0,6;0,2;0;0,16;-0,3;-1;-1;0;0;1;0;1;0;0;0;0;1;0;0;1;0;0;0;0;0;0;0;0;0;0;0;0;0;0;0;0;0;0;0;1
id-822;0,2;0,6;0,45;0,16;-0,25;0,33;0,5;1;0;1;0;0;0;1;0;0;0;1;0;0;0;0;1;0;0;0;0;0;0;0;0;0;0;0;0;0;0;0;0;1
id-823;0,4;0,6;0,33;0,16;-0,3;0,11;-0,5;0;0;1;0;1;0;1;0;0;0;0;1;0;0;0;0;0;0;0;1;0;0;0;0;0;0;0;0;0;0;0;0;5
id-824;0,4;0,6;-0,18;0,2;-0,35;-0,33;0;0;0;1;0;1;0;1;0;0;0;0;1;0;0;0;0;0;0;0;0;0;0;0;0;0;0;0;0;0;0;0;0;5
id-825;0,8;0,8;-0,45;-0,11;-0,45;-0,56;-1;0;1;1;0;0;0;0;0;0;0;0;1;0;0;0;0;0;0;0;0;0;0;0;0;0;0;0;0;0;0;0;0;1
id-826;0,6;0,8;0,35;0,16;-0,2;-0,78;-0,5;1;0;0;0;1;0;1;0;0;0;1;0;1;0;0;0;0;0;0;0;0;0;0;0;0;0;0;0;0;0;0;0;1
id-827;0,6;0,6;-0,17;0,02;-0,5;-1;-1;0;1;1;0;0;1;0;0;0;0;1;1;1;0;0;1;0;0;0;0;0;0;0;0;0;0;0;0;0;0;0;0;1
id-829;0,4;0,6;0,3;0,2;-0,3;-1;-1;1;0;1;0;0;0;0;0;0;0;0;1;0;0;0;0;0;0;1;0;0;0;0;0;0;1;0;0;0;0;0;0;5
id-831;0,4;0,8;-0,05;0,02;-0,4;-1;-1;0;1;1;0;0;0;0;0;0;0;0;1;0;0;0;0;0;0;0;0;0;0;0;0;0;0;0;0;0;0;0;0;1
id-833;0,4;0,6;0,32;0,2;-0,3;-1;-1;0;0;1;0;0;0;0;0;0;0;0;1;0;0;0;0;0;0;0;0;1;0;0;0;0;0;0;0;0;0;0;0;5
id-836;0,6;0,6;0,17;0,24;-0,25;-1;-1;1;0;1;0;0;0;1;0;0;0;1;0;0;0;0;0;0;0;0;0;0;0;0;0;0;0;0;1;0;0;0;0;1
id-837;0,6;0,8;0,44;0,24;-0,2;-0,78;-1;0;1;0;0;0;0;1;1;0;1;0;1;0;0;0;0;0;0;0;1;0;0;0;0;0;1;0;0;0;0;0;0;5
id-838;0,4;0,6;0,67;0,33;-0,2;-0,56;-0,5;0;0;1;0;0;0;0;0;0;0;0;1;0;0;0;0;0;0;1;0;0;0;0;0;0;0;0;0;0;0;0;0;5
id-839;0,6;1;0,72;0,38;-0,2;-1;-1;1;0;1;0;1;0;0;0;0;0;0;0;0;0;0;0;0;0;1;0;0;0;0;0;0;0;0;0;0;0;0;0;5
id-840;0,4;0,4;0,28;0,16;-0,3;0,11;0;0;0;1;0;0;0;1;0;0;0;1;1;0;0;0;0;0;0;0;0;0;0;0;0;0;0;0;0;0;0;0;0;5
id-841;0,6;0,6;0,15;0,11;-0,3;-1;-1;0;1;1;0;1;0;0;0;0;0;0;0;0;0;0;0;0;0;0;0;0;0;0;0;0;0;0;0;0;0;0;0;5
id-842;0,6;0,8;0;0,11;-0,35;-1;-1;1;0;1;1;1;1;1;0;0;0;0;0;0;0;0;0;0;0;0;0;0;0;0;0;0;1;0;0;1;0;0;0;5
id-843;0,2;0,4;0,33;0,16;-0,25;-0,78;-1;0;0;1;0;1;0;0;0;0;0;1;1;1;0;0;0;0;0;0;0;0;0;0;0;0;0;0;0;1;0;0;0;5
id-844;0,4;0,6;0,62;0,16;-0,3;-1;-1;0;0;1;0;1;0;0;0;0;0;1;1;1;0;0;0;0;0;1;0;0;0;0;0;0;0;0;0;0;0;0;0;5
id-845;0,6;0,8;0,33;0,11;-0,25;0,11;-0,5;1;1;0;0;1;0;0;0;0;0;0;0;0;0;0;0;0;1;0;0;0;0;0;0;0;0;0;0;0;0;0;0;5
id-847;0,4;0,6;0,24;0,24;-0,3;-0,78;-0,5;1;0;1;0;1;0;1;0;0;0;0;1;0;0;0;0;0;0;0;0;0;0;0;0;0;1;0;0;0;0;0;0;5
id-850;0,6;0,6;0,45;0,29;-0,25;-1;-1;0;0;1;0;0;0;0;0;0;0;0;0;0;0;0;0;0;0;0;0;0;0;0;0;0;1;0;0;0;0;0;0;5
id-852;0,6;0,8;0,33;0,29;-0,2;-1;-1;0;1;0;0;1;0;1;0;0;1;0;0;0;0;0;0;0;0;0;0;0;0;0;0;0;0;0;0;0;0;0;0;1
id-853;0,4;0,6;0,04;0,11;-0,35;-1;-1;0;0;1;0;0;1;1;0;0;0;0;1;0;0;0;0;0;1;0;0;0;0;0;0;0;0;0;0;0;0;0;0;5
id-855;0,6;0,8;0,2;0,24;-0,25;-0,78;-1;0;0;1;0;0;0;1;0;0;0;0;0;0;0;0;1;0;0;0;0;0;0;0;0;0;0;0;0;0;0;0;0;5
id-856;0,4;0,6;0,1;0,2;-0,3;-1;-1;0;0;1;0;1;1;0;0;0;0;0;1;0;0;0;0;0;0;1;1;0;0;0;0;0;0;0;0;0;0;0;0;5
id-857;0,6;0,6;0;0,11;-0,5;-1;-1;0;0;0;0;0;0;0;0;0;0;0;0;0;0;0;0;0;0;0;0;0;0;0;0;0;1;0;0;0;0;0;0;5
id-859;0,6;0,6;0,1;0,11;-0,2;-0,78;-0,5;0;0;0;0;1;0;0;0;0;0;1;0;0;0;0;0;0;0;0;1;0;0;0;0;0;0;0;1;0;0;0;0;5
id-860;0,4;0,4;0,1;0,16;-0,35;0,33;-1;1;0;1;0;1;0;1;0;0;0;1;1;0;0;0;0;0;0;0;0;0;0;0;0;0;0;0;0;0;0;0;0;5
id-865;0,6;0,6;-0,04;0,16;-0,35;-1;-1;0;0;0;0;1;0;0;1;0;0;1;0;0;0;0;1;0;0;0;0;0;0;0;0;0;0;0;1;0;0;0;0;5
id-867;0,6;0,6;0,3;0,24;-0,15;-1;-1;0;0;1;0;1;0;0;0;0;0;0;0;0;0;0;0;0;0;0;0;0;0;0;0;0;1;0;0;0;0;0;0;5
id-869;0,6;0,8;0,4;0,24;-0,3;-0,56;-0,5;0;0;1;0;0;0;0;0;0;0;0;1;0;0;0;0;0;0;0;0;1;0;0;0;0;0;0;0;0;0;0;0;5
id-870;0,6;0,6;0,55;0,24;-0,15;-0,56;-0,5;0;0;1;0;1;1;0;0;0;0;0;0;0;0;0;0;0;0;0;0;0;0;0;0;0;1;0;0;0;0;0;0;5
id-871;0,6;0,8;0,48;0,33;-0,2;-1;-1;0;0;1;0;0;0;0;1;0;0;0;1;0;0;0;0;0;0;0;0;0;0;0;0;0;0;0;0;0;0;0;0;5
id-872;0,4;0,4;0,16;0,24;-0,35;-1;-1;1;0;1;0;0;0;1;0;0;0;0;1;0;0;0;0;0;0;0;1;0;0;0;0;0;0;0;0;0;0;0;0;5
id-874;0,2;0,4;-0,12;-0,02;-0,4;-0,78;-0,5;0;0;0;0;1;1;0;0;0;0;0;0;0;0;0;0;0;0;0;0;0;0;0;0;0;0;0;0;0;0;0;0;1
id-876;0,4;0,6;0,02;0,16;-0,35;0,33;0;0;0;1;0;1;0;0;0;0;0;1;1;0;0;0;0;0;0;0;0;0;0;0;0;0;0;0;0;0;0;0;0;5
id-878;0,6;0,6;-0,14;0,07;-0,35;-1;-1;0;0;1;1;0;0;0;0;0;0;1;0;0;0;0;0;0;0;0;0;0;0;0;0;0;0;0;0;0;0;0;0;1
id-880;0,4;0,6;0,15;0,16;-0,35;-0,78;-1;0;0;1;0;0;0;1;0;0;0;0;0;0;0;0;0;0;0;0;0;0;0;0;0;0;0;0;0;0;0;0;0;5
id-882;0,6;1;0,45;0,16;-0,3;-1;-1;0;0;1;0;1;1;0;0;0;0;1;1;0;0;0;0;0;0;0;0;1;0;0;0;0;0;0;1;0;0;0;0;5
id-883;0,4;0,6;0,22;0,2;-0,25;-1;-1;0;0;0;0;0;1;0;0;0;0;1;0;1;0;0;0;0;0;0;0;0;0;0;0;0;0;0;0;0;0;0;0;1
id-884;0,6;0,8;0,53;0,33;-0,2;1;0,5;0;0;1;0;0;0;0;0;0;0;0;1;0;0;0;0;0;0;0;1;0;0;0;0;0;0;0;0;0;0;0;0;1
id-887;0,4;0,4;-0,33;0,02;-0,25;-1;-1;1;1;0;0;1;0;0;0;0;0;0;0;0;0;0;0;0;0;0;0;0;0;0;0;0;0;0;0;0;0;0;0;1
id-888;0,4;0,4;0,05;0,11;-0,3;-1;-1;0;0;0;0;1;0;1;0;0;0;0;0;0;0;0;0;0;0;0;0;0;0;0;0;0;0;0;0;0;0;0;0;1
id-889;0,4;0,4;0,18;0,16;-0,3;-1;-1;0;1;0;0;0;0;0;0;0;0;0;0;0;0;0;0;0;0;0;0;0;0;0;0;0;0;0;0;0;0;0;0;1
id-890;0,8;0,8;0,07;0,24;-0,3;-1;-1;1;1;1;0;1;1;0;0;0;1;0;0;0;0;0;0;0;0;0;0;1;0;0;0;0;0;0;0;0;0;0;0;1
id-891;0,4;0,6;-0,03;0,11;-0,35;-1;-1;0;1;0;0;0;0;0;0;0;0;0;0;0;0;0;0;0;0;0;0;0;0;0;0;0;0;0;0;0;0;0;0;1
id-892;0,6;0,8;0,23;0,2;-0,3;-0,56;-1;0;1;1;0;1;0;0;1;0;0;0;0;0;0;0;0;0;0;0;0;0;0;0;0;0;1;0;0;0;0;0;0;5
id-893;0,4;0,6;0;0,11;-0,4;-0,78;-1;0;0;1;1;1;0;1;0;1;0;1;1;0;0;0;0;0;0;0;0;0;0;0;0;0;0;0;0;0;0;0;0;5
id-894;0,6;0,8;0,26;0,2;-0,3;-1;-1;0;0;1;0;1;0;1;0;0;0;0;0;0;0;0;0;0;0;0;0;0;0;0;0;0;1;0;0;0;0;0;0;5
id-895;0,4;0,4;0,47;0,24;-0,25;-0,56;-1;1;0;1;0;0;0;1;0;0;0;1;0;0;0;0;0;0;0;0;0;0;0;0;0;0;0;0;0;0;0;0;0;5
id-896;0,6;0,8;0,15;0,16;-0,4;-0,78;-0,5;0;0;1;0;0;0;0;1;0;0;0;0;0;0;0;0;0;0;0;0;1;0;0;0;0;1;0;0;0;0;0;0;5
id-897;0,6;0,6;0,18;0,29;-0,25;-1;-1;1;0;1;0;1;0;0;0;0;0;0;0;0;0;0;0;0;0;0;0;0;0;0;0;0;1;0;0;0;0;0;0;5
id-900;0,4;0,4;0,23;0,2;-0,2;-0,78;-1;1;0;0;0;1;0;1;0;0;0;1;0;0;0;0;0;0;0;0;1;0;0;0;0;0;0;0;0;0;0;0;0;1
id-901;0,6;0,6;-0,01;0,2;-0,3;-0,33;-0,5;0;1;0;0;0;1;0;0;0;0;0;0;0;0;0;0;0;0;0;0;0;0;0;0;0;0;0;0;0;0;0;0;1
id-902;0,6;0,8;0,15;0,2;-0,35;-1;-1;0;0;0;0;1;0;0;0;0;0;0;0;0;0;0;0;0;0;0;0;0;0;0;0;0;1;0;0;0;0;0;0;5
id-903;0,4;0,6;0,15;0,29;-0,3;-0,78;-0,5;0;1;0;0;0;0;0;1;0;0;0;0;0;0;0;0;0;0;0;1;0;0;0;0;0;0;0;0;0;0;0;0;1
id-905;0,4;0,4;0,52;0,33;-0,25;-1;-1;0;0;0;0;0;0;0;0;0;0;0;0;0;0;0;0;0;0;0;0;1;0;0;0;0;0;0;0;0;0;0;0;5
id-906;0,6;0,6;0,61;0,24;-0,2;-0,56;-0,5;1;0;1;0;0;0;1;1;0;0;0;1;0;0;0;0;0;0;0;1;0;0;0;0;0;0;0;0;0;0;0;0;5
id-907;0,4;0,6;0,1;0,11;-0,3;-1;-1;1;0;1;0;1;0;0;0;0;0;0;1;0;0;0;0;0;0;0;0;1;0;0;0;0;0;0;0;0;0;0;0;5
id-909;0,4;0,4;0,2;0,11;-0,3;-1;-1;0;0;1;0;0;0;1;0;1;0;0;1;1;0;0;0;0;0;0;0;0;0;0;0;0;0;0;0;0;0;0;0;5
id-910;0,6;0,8;0,07;0,07;-0,4;-1;-1;0;0;1;0;0;0;1;1;0;0;0;0;0;0;0;0;0;0;0;0;0;0;0;0;0;0;0;0;0;0;0;0;5
id-911;0,4;0,4;0,33;0,24;-0,25;-0,33;0,5;0;0;1;0;1;0;0;0;0;0;1;1;0;0;0;0;0;0;0;0;0;0;0;0;0;0;0;0;0;0;0;0;5
id-914;0,2;0,4;0,36;0,2;-0,3;-1;-1;1;0;0;0;1;0;0;0;0;0;0;0;0;0;0;0;0;0;0;0;0;0;0;0;0;0;0;0;0;0;0;0;5
id-916;0,6;0,6;0,25;0,29;-0,25;-1;-1;0;1;0;0;0;0;0;0;0;0;0;0;0;0;0;0;0;0;0;0;0;0;0;0;0;0;0;0;0;1;0;0;1
id-917;0,6;0,8;0,6;0,33;-0,35;-0,33;0,5;0;0;0;0;1;0;0;0;0;0;0;0;0;0;0;0;0;1;0;1;0;0;0;0;0;0;1;0;0;0;0;0;5
id-918;0,4;0,6;0,2;0,11;-0,45;-1;-1;1;0;1;0;1;0;0;0;0;0;0;0;0;0;0;0;0;0;0;0;1;0;0;0;0;0;0;0;0;0;0;0;5
id-919;0,6;0,8;0,12;0,11;-0,2;-1;-1;1;0;1;0;0;0;1;0;0;0;1;1;0;0;0;0;0;0;0;0;0;0;0;0;0;0;0;0;0;0;0;0;5
id-921;0,2;0,4;-0,43;-0,02;-0,4;-0,56;-1;0;0;1;0;0;1;0;0;0;0;0;0;0;0;0;0;0;0;0;1;0;0;0;0;0;0;0;0;0;0;0;0;1
id-922;0,4;0,4;0,02;0,11;-0,35;-0,78;-1;0;0;1;0;0;0;0;0;0;0;0;1;0;0;0;0;0;0;0;0;1;0;0;0;0;0;0;0;0;0;0;0;5
id-923;0,8;0,8;0,1;0,33;-0,3;-1;-1;1;0;1;0;1;0;0;0;0;0;1;0;0;0;0;0;0;0;0;0;0;0;0;0;0;0;0;0;0;0;0;0;5
id-924;0,4;0,4;0,08;0,11;-0,35;-1;-1;0;0;0;0;0;0;0;0;0;0;0;0;0;0;0;0;0;0;0;0;0;0;0;0;0;0;0;0;0;0;0;0;1
id-925;0,6;0,6;-0,02;0,16;-0,4;-0,78;-0,5;0;0;1;0;1;0;1;0;0;0;0;1;0;0;0;0;0;0;0;0;0;0;0;0;0;0;0;0;0;0;0;0;5
id-927;0,4;0,4;-0,5;-0,24;-0,5;-1;-1;0;0;1;0;0;0;1;0;0;0;0;0;0;0;0;0;0;0;0;0;0;0;0;0;0;0;0;0;0;0;0;0;1
id-929;0,6;0,8;0,33;0,11;-0,25;-0,78;-1;0;1;1;0;1;0;1;0;0;0;1;0;1;0;0;0;0;0;0;0;0;0;0;0;0;0;0;0;1;0;0;0;5
id-930;0,4;0,6;0,15;0,11;-0,3;-1;-1;0;0;1;0;1;1;1;1;0;0;0;1;0;0;0;0;0;0;0;0;0;0;0;0;0;0;0;0;0;0;0;0;5
id-933;0,6;0,8;0,37;0,2;-0,35;-1;-1;1;0;1;0;1;1;0;0;0;0;1;0;1;0;0;0;0;0;0;0;0;0;0;0;0;1;0;0;1;0;0;0;5
id-934;0,2;0,4;0,45;0,33;-0,2;-0,33;0;0;0;1;0;0;0;0;0;0;0;0;0;1;0;0;0;0;0;0;0;0;0;0;0;0;0;0;0;0;0;0;0;1
id-935;0,4;0,4;-0,07;0,11;-0,25;-1;-1;0;1;0;0;0;0;1;0;0;0;0;0;0;0;0;0;0;0;0;0;0;0;0;0;0;0;0;0;0;0;0;0;1
id-936;0,4;0,6;0,03;0,2;-0,4;-1;-1;0;0;1;0;1;0;0;1;0;0;0;1;0;0;0;0;0;0;0;0;0;0;0;0;0;0;0;0;0;0;0;0;5
id-938;0,2;0,4;0,32;0,2;-0,3;-0,78;-0,5;1;0;1;0;0;0;1;0;0;0;1;1;0;0;0;0;0;0;0;1;0;0;0;0;0;0;0;0;0;0;0;0;5
id-939;0,4;0,4;0,45;0,24;-0,25;-1;-1;1;0;0;0;0;1;0;0;0;0;0;0;0;0;0;1;0;0;0;0;0;0;0;0;0;0;0;0;0;0;0;0;1
id-940;0,6;0,6;-0,1;0,07;-0,4;-1;-1;0;0;1;0;0;0;1;0;1;0;1;0;0;0;0;0;1;0;0;0;0;0;1;0;0;0;0;0;0;0;0;0;1
id-941;0,4;0,6;0,59;0,29;-0,25;-0,78;-0,5;0;0;1;0;1;0;0;0;0;0;0;0;0;0;0;0;0;0;0;1;0;0;0;0;0;0;0;0;0;0;0;0;5
id-942;0,6;0,6;0,58;0,56;-0,25;0,11;1;1;0;1;0;0;0;0;0;0;0;0;0;0;0;0;1;0;0;1;0;0;0;0;0;0;1;0;0;0;0;0;0;5
id-943;0,6;0,8;0;0,11;-0,3;-1;-1;1;1;1;0;0;0;1;0;0;0;1;0;0;0;0;0;0;0;0;0;0;0;0;0;0;0;0;0;1;0;0;0;5
id-944;-0,4;0,6;0,15;0,24;-0,2;-1;-1;1;0;1;0;0;0;1;0;0;0;0;1;0;0;0;1;0;0;0;1;0;0;0;0;0;1;0;0;0;0;0;0;5
id-945;0,6;0,8;0,15;0,11;-0,35;-0,33;-0,5;0;0;1;0;0;0;1;0;0;0;0;1;0;0;0;0;0;0;0;0;0;0;0;0;0;0;0;0;0;0;0;0;5
id-946;0,4;0,4;0,1;0,29;-0,35;-1;-1;0;1;0;0;0;0;0;0;0;1;0;0;0;0;0;0;0;0;0;0;0;0;0;0;0;0;0;0;0;0;0;0;1
id-947;-0,2;0,2;0,18;0,24;-0,15;0,56;0,5;1;0;1;0;1;1;1;0;0;0;0;1;0;0;0;0;0;0;0;1;0;0;0;0;0;0;0;0;0;0;0;0;1
id-950;0,2;0,6;0,4;0,29;-0,35;-1;-1;1;1;1;0;1;0;0;0;0;0;0;0;0;0;0;0;0;0;0;1;0;0;0;0;0;0;0;0;0;0;1;0;1
id-951;0,6;0,8;-0,25;0,16;-0,3;-1;-1;0;1;1;0;0;0;0;0;0;0;0;1;0;0;0;0;0;0;0;0;0;0;0;0;0;0;0;0;0;0;0;0;1
id-952;0,6;0,8;0,43;0,24;-0,3;-0,56;-0,5;1;0;0;0;0;0;0;0;0;0;0;0;0;0;0;0;0;0;1;0;1;0;0;0;0;1;0;0;1;0;0;0;5
id-954;0,2;0,4;0,44;0,2;-0,2;-1;-1;0;0;1;0;1;0;0;0;0;0;1;0;0;0;0;1;0;0;0;0;0;0;0;0;0;0;0;0;1;0;0;0;5
id-955;0,6;0,8;0,35;0,24;-0,25;-0,78;-0,5;0;0;0;0;1;0;0;1;0;0;0;0;0;0;0;0;0;0;0;0;0;0;0;0;0;1;1;0;0;0;0;0;5
id-956;0,4;0,6;0,24;0,2;-0,25;0,11;-0,5;1;0;1;0;0;0;0;0;0;0;1;1;0;0;0;0;0;0;0;0;0;0;0;0;0;0;0;0;0;0;0;0;5
id-957;0,6;0,8;0,08;0,11;-0,35;0,11;-0,5;0;0;1;0;1;0;1;1;0;0;0;0;0;0;0;1;0;0;0;0;0;0;0;0;0;0;0;0;0;0;0;0;5
id-959;0,4;0,6;0,2;0,16;-0,4;-0,78;-1;0;0;0;0;0;1;0;0;0;0;0;1;0;0;0;0;0;0;0;0;0;0;0;0;0;0;0;0;0;0;0;0;5
id-960;0,6;1;0,52;0,33;-0,3;-1;-1;0;0;1;0;0;0;1;0;0;0;0;0;0;0;0;0;0;0;0;0;0;0;0;0;0;1;0;0;0;0;0;0;5
id-961;0,6;0,8;0,24;0,11;-0,4;-1;-1;0;1;1;0;0;0;0;0;1;0;0;0;0;0;0;0;0;0;0;0;0;0;0;0;0;1;0;0;0;0;0;0;5
id-963;-0,8;0,2;0,17;0,16;-0,25;-1;-1;1;1;0;0;1;0;1;0;0;1;1;0;0;0;0;0;0;0;0;1;0;0;0;0;0;0;0;0;0;0;0;0;1
id-964;0;0,4;0,01;0,2;-0,4;-1;-1;0;1;0;0;0;0;0;0;0;0;0;0;0;0;0;0;0;0;0;0;0;0;0;0;0;0;0;0;0;0;0;0;1
id-966;0,6;0,6;0;0,07;-0,35;-0,78;-1;1;1;1;0;1;0;1;0;0;0;1;0;0;0;0;0;0;0;0;0;1;0;0;0;0;0;0;0;0;0;0;0;5
id-967;0,6;0,6;-0,09;0,07;-0,35;-1;-1;0;1;1;0;1;0;0;1;0;0;1;0;0;0;0;0;0;0;0;0;0;0;0;0;0;0;0;0;0;0;0;0;1
id-969;0,4;0,4;0,17;0,16;-0,3;-0,78;-0,5;0;0;1;0;1;0;1;0;0;0;1;1;0;0;0;0;0;0;0;0;0;0;0;0;0;0;0;1;0;0;0;0;5
id-972;0,2;0,6;0,39;0,2;-0,3;-1;-1;0;1;1;1;0;0;0;1;0;0;0;0;0;0;0;0;0;0;0;0;0;0;0;0;0;0;0;0;0;0;0;0;5
id-973;0,8;0,8;0,23;0,2;-0,3;-0,56;-0,5;0;0;1;0;0;0;0;0;0;0;0;0;0;0;0;0;0;0;0;0;1;0;0;0;0;0;0;0;0;0;0;0;5
id-974;0,6;0,8;0,48;0,38;-0,25;0,33;1;0;0;1;0;1;0;1;0;0;0;1;1;1;0;0;0;0;0;0;1;0;0;0;0;0;0;0;0;0;0;0;0;5
id-975;0,6;0,6;0,2;0,11;-0,13;-1;-1;0;0;1;0;1;0;0;1;0;0;1;0;0;0;0;0;0;0;0;1;0;0;0;0;0;0;0;0;0;0;0;0;1
id-976;0,6;0,8;0,33;0,33;-0,45;-1;-1;0;1;0;0;1;0;0;0;1;0;0;0;0;0;0;0;0;0;0;0;0;0;0;0;0;1;0;0;0;0;0;0;5
id-979;0,6;1;0,05;0,11;-0,35;-0,56;0;1;0;1;0;0;0;0;0;0;0;0;1;0;0;0;0;0;0;0;0;0;0;0;0;0;0;0;0;0;0;0;0;5
id-980;0,2;0,6;0,08;0,16;-0,35;0,33;2;1;0;1;0;0;0;1;0;0;0;1;0;0;0;0;0;0;0;0;0;0;0;0;0;0;1;0;0;0;0;0;0;5
id-981;0,6;0,8;0,74;0,33;-0,2;-1;-1;1;0;1;0;0;0;1;0;0;0;1;1;0;0;0;0;0;0;0;1;0;0;0;0;0;0;0;0;0;0;0;0;5
id-982;0,6;0,8;-0,01;0,16;-0,35;-1;-1;1;0;1;0;0;0;0;0;0;0;0;1;0;0;0;0;0;0;0;1;0;0;0;0;0;0;0;0;0;0;0;0;5
id-983;0,2;0,6;-0,11;0,11;-0,35;-0,78;-1;0;0;1;1;0;0;1;0;0;0;0;1;0;0;0;0;0;0;0;0;1;0;0;0;0;0;0;0;0;0;0;0;5
id-984;0,6;0,6;0,45;0,33;-0,2;-1;-1;0;0;1;0;1;0;0;0;0;0;0;0;0;0;0;0;0;0;0;0;0;0;0;0;0;1;0;0;0;0;0;0;5
id-988;0,4;0,6;0,18;0,16;-0,35;-1;-1;1;0;1;0;0;0;1;1;0;0;0;1;0;0;0;0;0;0;0;0;0;0;0;0;0;0;0;0;0;0;0;0;5
id-989;0,6;0,8;0,43;0,24;-0,25;-0,33;-1;0;1;1;0;1;0;0;1;0;0;0;0;0;0;0;0;0;0;0;0;0;0;0;0;0;0;0;0;0;0;0;0;1
id-991;0,2;0,6;-0,11;0,11;-0,2;-0,78;-1;0;0;0;0;0;0;0;1;0;0;0;0;0;0;0;0;0;0;0;0;0;0;0;0;0;0;0;0;0;0;0;0;1
id-993;0,6;0,8;0,1;0,24;-0,35;-1;-1;0;0;1;0;1;1;0;0;0;0;0;0;0;0;0;0;0;0;0;0;0;0;0;0;0;1;0;0;0;0;0;0;5
id-994;0,2;0,6;-0,21;0,02;-0,3;-0,11;-0,5;0;0;1;0;1;1;0;0;0;1;1;1;0;0;0;0;0;0;0;0;0;0;0;0;0;0;0;0;0;0;0;0;5
id-996;0,4;0,6;-0,29;-0,07;-0,5;-1;-1;0;0;1;1;0;1;0;0;0;0;0;1;0;0;0;0;0;0;0;0;1;0;0;0;0;0;0;0;0;0;0;0;5
id-999;0,6;0,8;0,03;0,07;-0,4;-1;-1;1;0;1;0;1;1;0;0;0;0;0;1;0;0;0;0;0;0;0;0;0;0;0;0;0;0;0;0;0;0;0;0;5
id-1000;0,4;0,4;0,14;0,11;-0,4;-0,78;-1;0;0;1;0;0;0;0;0;0;0;0;0;0;0;0;0;0;0;1;1;0;0;0;0;0;1;0;0;0;0;0;0;5
id-1001;0,4;0,6;0,33;0,24;-0,3;-1;-1;1;0;0;0;1;0;1;0;0;0;0;0;0;0;0;0;0;0;0;0;0;0;0;0;0;1;0;0;0;0;0;0;5
id-1003;0,6;0,8;0,23;0,2;-0,25;-0,78;-0,5;1;1;1;0;1;0;0;1;0;0;0;0;0;0;0;0;0;0;0;0;0;0;0;0;0;0;0;0;0;0;0;0;5
id-1004;0,4;0,6;0,19;0,2;-0,3;-1;-1;0;0;1;0;0;0;0;0;0;0;0;1;0;0;0;0;0;0;0;0;0;0;0;0;0;0;0;0;0;0;0;0;5
id-1005;0,6;0,6;0,19;0,24;-0,3;-0,78;-1;0;0;1;0;1;0;0;0;0;0;0;1;0;0;0;0;0;0;0;0;0;0;0;0;0;1;0;0;0;0;0;0;5
id-1006;0,8;0,8;0,46;0,24;-0,45;-0,78;-0,5;0;0;0;0;0;0;0;0;0;0;0;0;0;0;0;0;0;0;0;0;0;0;0;0;0;1;0;0;0;0;0;0;5
id-1007;0,6;0,8;-0,05;0,07;-0,45;-1;-1;1;0;1;1;1;1;0;0;0;0;1;1;0;0;0;0;0;0;0;0;0;0;0;0;0;0;0;0;0;0;0;0;5
id-1008;0,6;0,8;-0,01;0,2;-0,4;-1;-1;0;0;1;0;0;1;0;0;0;0;0;0;0;0;0;0;0;0;0;0;0;0;0;0;0;1;0;0;0;0;0;0;5
id-1009;0,6;0,6;0,35;0,24;-0,2;-0,78;-1;1;1;0;0;1;1;1;1;0;0;0;0;0;0;0;1;0;0;0;0;0;0;0;0;0;0;0;0;0;0;0;0;5
id-1011;0,6;0,8;0,05;0,42;-0,3;-0,78;-0,5;0;0;1;0;1;0;0;1;0;0;0;0;0;0;0;0;0;0;0;0;0;0;0;0;0;1;0;0;0;0;0;0;5
id-1012;0,6;0,6;0,2;0,33;-0,2;-0,78;-0,5;0;0;1;0;0;0;0;0;0;0;0;0;0;0;0;0;0;1;0;0;0;0;0;0;0;1;0;0;0;0;0;0;5
id-1013;-0,4;0,4;0,44;0,33;-0,3;-1;-1;1;1;1;0;0;1;0;0;0;0;0;0;0;0;0;0;0;0;0;1;0;0;0;0;0;0;0;0;0;0;0;0;5
id-1014;0,4;0,6;0,01;0,02;-0,35;-0,33;0;1;0;1;0;0;0;0;0;0;0;0;0;0;0;0;0;0;0;1;0;0;0;0;0;0;0;0;0;0;0;0;0;5
id-1015;0,4;0,4;0,2;0,2;-0,2;-0,33;-0,5;0;1;0;0;1;0;0;0;0;1;0;0;1;0;0;0;0;0;0;0;0;1;0;0;0;0;0;0;0;0;0;0;1
id-1016;0,6;0,8;0,26;0,2;-0,3;-0,78;-1;1;0;1;0;1;0;0;0;0;0;0;0;0;0;0;0;0;0;0;0;0;0;0;0;0;0;0;0;0;0;0;0;1
id-1017;0,4;0,6;0,2;0,2;-0,3;0,11;-0,5;0;0;1;0;1;0;0;0;0;0;1;0;0;0;0;0;0;0;0;0;0;0;0;0;0;0;0;0;0;0;0;0;5
id-1019;0,6;0,6;-0,2;0,07;-0,45;-1;-1;1;0;1;0;1;1;1;1;0;0;1;1;0;0;0;0;0;0;0;0;0;0;0;0;0;0;0;0;0;0;0;0;5
id-1020;0,8;0,8;0,01;0,07;-0,3;-0,78;-1;0;0;1;0;1;1;0;0;0;0;0;0;0;0;0;0;0;1;0;0;0;0;0;0;0;0;0;0;0;0;0;0;5
id-1021;0,6;0,6;0,3;0,29;-0,2;-1;-1;0;0;0;0;0;0;0;0;0;0;0;0;0;0;0;0;0;0;0;0;0;0;0;0;0;0;0;0;0;0;0;0;1
id-1022;0,4;0,6;0,08;0,11;-0,35;-1;-1;0;0;1;0;1;0;1;1;0;0;0;1;0;0;0;0;0;0;0;0;0;0;0;0;0;0;0;0;0;0;0;0;5
id-1023;0,6;0,8;0,4;0,24;-0,25;-0,33;-1;1;0;1;0;1;0;0;0;0;0;0;0;0;0;0;0;0;0;0;0;0;0;0;0;0;1;0;0;0;0;0;0;5
id-1024;0,6;0,8;0,27;0,29;-0,3;-0,78;-1;1;0;1;0;0;0;1;0;1;0;0;1;0;0;0;0;0;0;0;0;0;0;0;0;0;0;0;0;0;0;0;0;5
id-1025;0,4;0,6;-0,09;0,16;-0,35;-1;-1;0;0;1;0;1;0;1;0;0;0;0;1;0;0;0;0;0;0;0;0;1;0;0;0;0;1;0;0;0;0;0;0;5
id-1026;0,4;0,6;0,19;0,2;-0,35;-0,56;0;1;1;1;0;1;0;0;0;0;0;0;1;0;0;0;0;0;0;0;0;1;0;0;0;0;0;0;0;0;0;0;0;5
id-1028;0,4;0,6;0,31;0,24;-0,3;-0,56;-0,5;1;0;1;0;0;1;0;0;0;0;0;1;0;0;0;0;0;0;0;0;0;0;0;0;0;0;0;0;0;0;0;0;5
id-1029;0,4;0,6;0,27;0,16;-0,35;-0,33;-0,5;0;0;1;0;1;1;0;0;0;0;1;1;1;0;0;0;0;0;0;1;0;0;0;0;0;0;0;1;0;0;0;0;5
id-1030;0,4;0,6;0,23;0,16;-0,3;-1;-1;0;0;1;0;0;0;0;0;0;0;0;1;0;0;0;0;0;0;0;1;0;0;0;0;0;0;0;0;0;0;0;0;5
id-1031;0,2;0,6;-0,08;0,16;-0,35;-1;-1;0;0;1;0;0;1;0;0;0;0;1;1;0;0;0;0;0;0;0;0;1;0;0;0;0;0;0;0;0;0;0;0;5
id-1032;0,8;0,8;0,6;0,2;-0,2;-0,33;0,5;1;1;0;0;0;0;0;0;0;0;1;0;0;0;0;0;0;0;0;0;0;0;0;0;0;0;0;0;0;0;0;0;1
id-1033;0,4;0,4;-0,03;0,11;-0,35;-1;-1;1;0;1;0;0;0;0;0;0;0;0;1;1;0;0;0;0;0;1;0;0;0;0;0;0;0;0;0;0;0;0;0;5
id-1035;0,6;0,8;0,05;0,16;-0,3;-1;-1;0;1;1;0;0;0;0;0;0;0;0;1;0;0;0;0;0;0;0;0;0;0;0;0;0;1;0;0;0;0;0;0;5
id-1036;0,6;0,6;0,22;0,16;-0,3;0,33;0;0;0;1;0;1;0;0;0;0;0;0;1;0;0;0;0;0;0;0;0;0;0;0;0;0;0;0;0;0;0;0;0;5
id-1037;0,6;0,6;-0,2;0,07;-0,3;-0,78;-0,5;0;0;0;0;1;0;0;0;0;0;0;0;0;0;0;0;0;0;0;0;0;0;0;0;0;0;0;0;0;0;0;0;1
id-1038;0,4;0,6;0,3;0,24;-0,3;-0,56;-0,5;0;0;1;0;1;0;1;0;0;0;1;1;0;0;0;0;0;0;0;0;0;0;0;0;0;0;0;0;0;0;0;0;5
id-1041;0,4;0,6;-0,18;0,11;-0,4;-0,78;-1;0;0;1;1;1;0;1;0;0;0;1;1;0;0;0;0;0;0;0;0;0;0;0;0;0;0;0;0;0;0;0;0;5
id-1043;0,6;0,8;0,2;0,16;-0,25;-0,78;-1;0;0;1;0;1;0;0;0;0;0;0;0;0;0;0;0;0;0;0;0;0;0;0;0;0;0;0;0;0;0;0;0;5
id-1044;0,6;0,6;0,43;0,2;-0,25;-1;-1;0;1;0;0;1;0;0;0;0;1;1;0;0;0;0;0;0;0;0;0;0;0;0;0;0;0;0;0;0;0;0;0;1
id-1045;0,2;0,4;0,1;0,16;-0,25;0,56;0;0;0;0;0;0;0;0;0;0;0;1;0;0;0;0;0;0;0;0;0;0;0;0;0;0;1;0;0;0;0;0;0;5
id-1046;0,4;0,6;-0,09;0,02;-0,35;-0,78;-1;1;0;1;0;1;0;0;0;0;0;0;1;0;0;0;0;0;0;0;0;0;0;0;0;0;1;0;0;0;0;0;0;5
id-1047;0,6;0,6;0,37;0,29;-0,3;-0,11;-0,5;1;0;1;0;0;0;1;0;0;0;0;1;0;0;0;0;0;0;0;0;0;0;0;0;0;0;0;0;0;0;0;0;5
id-1048;0,6;0,8;0,33;0,24;-0,35;-0,56;0;1;0;1;0;1;0;1;0;0;0;0;0;0;0;0;0;0;0;0;0;0;0;0;0;0;1;0;0;0;0;0;0;5
id-1049;0,6;0,6;0,09;0,16;-0,35;-1;-1;0;1;0;0;0;0;0;0;0;1;1;0;1;0;0;0;0;0;0;0;0;0;0;0;0;0;0;0;0;0;0;0;1
id-1050;0,6;0,6;-0,06;0,11;-0,28;-1;-1;0;1;0;0;0;1;1;0;0;1;0;0;0;0;0;0;0;0;0;0;0;0;0;0;0;0;0;0;0;0;0;0;1
id-1052;0,4;0,6;0,23;0,07;-0,3;-0,78;-1;1;0;1;0;0;0;1;1;0;0;1;1;1;0;0;0;0;0;0;0;0;0;0;0;0;0;0;0;1;0;0;0;5
id-1053;0,6;0,8;0,25;0,11;-0,25;-0,78;-0,5;1;1;1;0;1;0;0;0;0;0;0;0;0;0;0;0;0;0;0;1;0;0;0;0;0;1;0;0;0;0;0;0;5
id-1054;0,2;0,4;0,19;0,24;-0,35;-0,56;0;0;0;1;0;1;0;0;0;0;0;1;1;0;0;0;0;1;0;0;0;0;0;0;0;0;0;0;0;0;0;0;0;1
id-1056;0,4;0,6;0,49;0,29;-0,25;-1;-1;1;0;1;0;1;0;0;0;0;0;0;1;0;0;0;0;0;0;0;1;0;0;0;0;0;0;0;0;0;0;0;0;5
id-1057;0,6;0,8;0,3;0,2;-0,3;-1;-1;0;0;1;0;1;0;0;0;0;0;0;1;0;0;0;0;0;0;0;0;1;0;0;0;0;0;0;0;0;0;0;0;5
id-1058;0,4;0,6;0,48;0,24;-0,2;-0,78;-1;0;0;1;0;0;1;0;0;0;0;1;1;0;0;0;0;0;0;0;0;1;0;0;0;0;0;0;1;0;0;0;0;5
id-1060;0,4;0,6;-0,2;0,11;-0,4;-1;-1;0;1;1;0;0;0;0;0;0;1;0;0;0;0;0;0;0;0;0;0;0;0;0;0;0;0;0;0;0;0;0;0;1
id-1061;0;0,6;0,08;0,2;-0,35;-0,56;-0,5;0;0;1;1;0;0;1;0;0;0;1;0;0;0;0;0;1;0;0;0;0;0;0;0;0;0;0;0;0;0;0;0;5
id-1064;0,6;0,8;-0,23;0,07;-0,4;-0,78;-0,5;0;0;1;1;0;0;0;0;0;0;1;1;0;0;0;0;0;0;0;0;1;0;0;0;0;0;0;0;0;0;0;0;5
id-1065;0,6;0,8;0,07;0,11;-0,4;-0,78;-1;1;1;1;0;1;0;1;0;0;0;0;0;0;0;0;0;0;0;0;0;0;0;0;0;0;0;0;0;0;0;0;0;5
id-1066;0,4;0,6;0,47;0,24;-0,25;-1;-1;0;0;1;0;0;0;1;1;0;0;1;0;1;0;0;0;0;0;0;0;0;0;0;0;0;0;0;0;0;0;0;0;1
id-1067;0,4;0,6;-0,35;0,02;-0,45;-1;-1;1;0;0;1;0;0;1;0;0;0;0;1;0;0;0;0;0;0;0;0;0;0;0;0;0;0;0;0;0;0;0;0;5
id-1068;0;0,2;0,07;0,11;-0,4;-1;-1;1;1;1;0;0;0;0;0;0;0;0;0;0;0;0;0;0;0;0;0;0;0;0;0;0;0;0;0;0;0;0;0;5
id-1070;0;0;-0,96;-0,24;-0,75;-0,56;-1;1;0;1;1;0;0;0;0;0;0;1;1;0;0;0;0;0;0;0;0;0;0;0;0;0;0;0;0;0;0;0;0;1
id-1074;0,4;0,6;0,39;0,24;-0,3;0,11;0;1;0;1;0;0;0;0;0;0;0;0;1;0;0;0;0;0;0;1;0;0;0;0;0;0;0;0;0;0;0;0;0;5
id-1075;0,4;0,4;0,35;0,24;-0,25;-0,11;0;0;0;0;0;0;0;0;1;0;0;0;0;0;0;0;0;0;0;0;0;0;0;0;0;0;0;0;0;0;0;0;0;1
id-1076;0,6;0,6;0,15;0,2;-0,2;-1;-1;1;0;1;0;1;0;0;0;0;0;0;1;0;0;0;0;0;0;1;0;0;0;0;0;0;1;0;0;0;0;0;0;5
id-1077;-0,2;-0,2;0,02;0,11;-0,28;-0,56;-0,5;1;1;1;0;1;0;0;0;0;0;1;1;0;0;0;0;0;0;0;0;0;0;0;0;0;0;0;0;0;0;0;0;1
id-1080;0,4;0,6;-0,04;0,02;-0,35;-0,56;-0,5;0;0;1;0;1;0;0;0;0;0;1;0;0;0;0;0;0;0;0;0;0;0;0;0;0;0;0;0;0;0;0;0;5
id-1081;0,6;0,8;0,25;0,33;-0,3;0,33;0;1;0;0;0;1;1;0;0;0;0;1;0;0;0;0;0;0;0;0;0;0;0;0;0;0;1;0;0;0;0;0;0;5
id-1084;0,4;0,6;-0,03;0,16;-0,4;-0,56;-1;1;0;1;0;0;0;1;0;0;0;1;1;0;0;0;0;0;0;1;0;0;0;0;0;0;0;0;0;0;0;0;0;5
id-1086;0,4;0,6;-0,07;0,11;-0,3;-0,78;-0,5;1;0;1;0;1;0;0;0;0;0;1;1;0;0;0;0;0;0;1;0;0;0;0;0;0;0;0;1;0;0;0;0;5
id-1088;0,4;0,6;0,35;0,2;-0,25;-0,78;-0,5;1;0;1;0;0;0;0;0;0;0;1;1;0;0;0;0;0;0;1;0;0;0;0;0;0;0;0;0;0;0;0;0;5
id-1089;0,4;0,4;0,37;0,24;-0,25;-1;-1;1;0;1;0;0;0;1;0;0;0;0;1;0;0;0;0;0;0;0;1;0;0;0;0;0;0;0;0;0;0;0;0;5
id-1090;0,6;0,8;0,15;0,16;-0,4;-0,56;-0,5;1;0;1;0;0;0;0;0;0;0;0;0;0;0;0;1;0;0;1;0;0;0;0;0;0;1;0;0;0;0;0;0;5
id-1091;0,6;0,6;-0,05;0,11;-0,3;-1;-1;0;0;0;0;1;0;0;0;0;0;0;0;0;0;0;0;0;0;0;1;0;0;0;0;0;0;0;0;0;0;0;0;1
id-1093;0,4;0,8;0,36;0,29;-0,25;-0,78;-0,5;0;0;1;0;1;0;1;0;0;0;0;1;0;0;0;0;0;0;0;0;0;0;0;0;0;0;0;0;0;0;0;0;5
id-1094;0,6;0,8;0,28;0,02;-0,25;-0,33;0;0;0;1;0;0;0;0;0;0;0;0;0;0;0;0;1;0;0;0;0;0;0;0;0;0;1;0;0;0;0;0;0;5
id-1097;0,6;0,6;0;0,16;-0,3;-0,78;-0,5;0;0;0;0;1;0;0;0;0;0;0;0;1;0;0;0;0;0;0;0;0;0;0;0;0;0;0;0;0;0;0;0;1
id-1098;0,4;0,6;0,01;0,2;-0,35;-1;-1;0;0;1;0;1;0;1;0;0;0;1;1;0;0;0;0;0;0;1;0;0;0;0;0;0;0;0;0;0;0;0;0;5
id-1102;0,6;0,6;-0,15;0,16;-0,35;-0,56;-1;0;1;1;0;0;0;0;0;0;0;1;0;1;0;0;0;0;0;0;1;0;0;0;0;0;0;0;0;1;0;0;0;5
id-1104;0,6;0,6;0,47;0,29;-0,1;-1;-1;0;0;0;0;0;0;0;0;0;1;0;0;0;0;0;1;0;0;0;0;0;0;0;0;0;0;0;0;0;0;0;0;1
id-1106;0,6;0,6;0,1;0,16;-0,4;-1;-1;0;0;1;0;1;0;0;0;0;0;0;0;0;0;0;0;0;0;0;0;0;0;0;0;0;1;0;0;0;0;0;0;5
id-1107;0,4;0,6;-0,09;0,2;-0,35;-0,78;-0,5;1;1;1;0;0;0;0;0;0;0;1;0;0;0;0;0;0;0;0;0;1;0;0;0;0;0;0;0;0;0;0;0;5
id-1109;0,6;0,6;-0,1;0,33;-0,35;-0,78;-1;0;0;1;0;1;0;0;0;0;0;0;0;0;0;0;0;0;0;0;0;0;0;0;0;0;0;0;0;0;0;0;0;5
id-1110;0,4;0,4;0,23;0,24;-0,35;-0,78;-1;1;1;1;0;0;0;0;0;0;0;0;1;0;0;0;1;0;0;0;0;0;0;0;0;0;0;0;0;0;0;0;0;1
id-1111;0,6;0,8;0,27;0,24;-0,3;-0,78;-1;1;0;1;0;0;0;1;0;0;0;0;1;0;0;0;0;0;1;0;0;0;0;0;0;0;0;0;0;0;0;0;0;5
id-1113;0,6;0,6;0,12;0,16;-0,4;-0,33;-1;1;1;0;0;1;0;0;0;0;0;0;0;0;0;0;0;0;0;0;0;0;0;0;0;0;0;0;0;0;0;0;0;1
id-1115;0,4;0,6;0,76;0,33;-0,2;-0,56;0;0;0;1;0;0;0;1;0;0;0;0;1;0;0;0;0;0;0;0;1;0;0;0;0;0;0;0;0;0;0;0;0;5
id-1116;0,2;0,4;0,2;0,29;-0,36;-0,78;-1;0;0;1;0;0;0;0;0;0;0;0;0;0;0;0;0;0;0;0;0;0;0;1;0;0;0;0;0;0;0;0;0;1
id-1117;0,6;0,8;0,1;0,11;-0,35;-1;-1;0;0;1;0;0;0;1;0;1;0;0;0;0;0;0;0;0;0;0;0;0;0;0;0;0;0;0;0;0;0;0;0;5
id-1119;0,2;0,2;-0,21;0,07;-0,4;-1;-1;0;1;1;0;0;0;0;0;0;0;0;0;0;0;0;0;0;0;0;0;0;0;0;0;0;0;0;0;0;0;0;0;1
id-1121;0;0;-0,9;-0,29;-0,5;-1;-1;0;0;0;0;0;0;0;0;0;0;0;0;0;0;0;0;0;0;0;0;0;0;0;0;0;0;0;0;0;0;0;0;1
id-1122;0,6;0,6;0,04;0,11;-0,35;-1;-1;1;1;1;0;1;0;0;0;0;0;0;0;0;0;0;0;0;0;0;0;0;0;0;0;0;0;0;0;0;0;0;0;1
id-1123;0,6;0,6;0,2;0,24;-0,35;-0,33;-0,5;0;1;1;0;0;0;1;0;0;0;0;0;0;0;0;0;0;0;0;0;0;0;0;0;0;0;0;0;1;0;0;0;5
id-1124;0,4;0,6;0,05;0,11;-0,35;-0,33;0,5;0;0;1;0;0;0;1;1;0;0;1;1;0;0;0;0;0;0;0;0;0;0;0;0;0;0;0;0;0;0;0;0;5
id-1125;0,6;0,8;0,05;0,16;-0,4;-0,33;-0,5;0;0;1;0;1;0;1;0;0;0;0;1;0;0;0;0;0;0;0;1;0;0;0;0;0;0;0;0;0;0;0;0;5
id-1127;0,6;0,8;0,3;0,2;-0,25;0,56;-0,5;1;0;1;0;1;0;0;0;0;0;1;0;0;0;0;0;0;0;0;0;0;0;0;0;0;0;0;0;0;0;0;0;1
id-1128;-0,6;-0,4;0,1;0,11;-0,33;-1;-1;1;0;1;0;1;1;0;0;0;0;0;0;0;0;0;0;0;0;0;0;0;0;0;0;0;0;0;0;0;0;0;0;1
id-1129;0,6;0,8;0,5;0,29;-0,3;-0,78;-0,5;1;0;1;0;1;0;1;0;1;0;0;0;0;0;0;0;0;0;0;0;0;0;0;0;0;1;0;0;0;0;0;0;5
id-1130;0,4;0,6;0,47;0,33;-0,35;-1;-1;1;0;1;0;0;0;0;0;0;0;0;0;0;0;0;0;0;0;0;1;0;0;0;0;0;0;0;0;0;0;0;0;5
id-1131;0,4;0,6;-0,35;-0,02;-0,5;-0,78;-1;0;0;1;1;1;0;0;0;0;0;1;1;1;0;0;0;0;0;0;0;0;0;0;0;0;0;0;0;0;0;0;0;5
id-1132;0,4;0,6;0,15;0,33;-0,3;-1;-1;0;0;1;0;1;0;0;0;0;0;0;1;0;0;0;0;0;0;0;1;0;0;0;0;0;1;0;0;0;0;0;0;5
id-1133;0,2;0,6;0,3;0,2;-0,25;-0,56;-1;0;1;0;0;1;0;1;0;0;0;0;0;0;0;0;0;0;0;0;0;0;0;1;0;0;0;0;0;0;0;0;0;1
id-1134;0,4;0,4;0,08;0,2;-0,35;-1;-1;0;1;1;0;0;1;1;0;0;0;0;1;1;1;0;0;0;0;0;0;0;0;0;0;0;0;0;0;0;0;0;0;1
id-1135;0,6;0,8;0,22;0,16;-0,28;-0,56;-0,5;1;0;1;0;0;0;0;0;0;0;0;0;0;0;0;0;0;0;0;0;0;0;0;0;0;0;0;0;0;0;0;0;1
id-1136;0,2;0,6;0,54;0,24;-0,15;-0,78;-1;0;0;1;0;1;0;1;0;0;0;1;1;0;0;0;0;0;0;0;1;0;0;0;0;0;0;0;0;0;0;0;0;5
id-1138;0,2;0,4;0,1;0,24;-0,3;-1;-1;0;0;1;0;1;0;0;0;0;0;0;1;1;0;0;0;0;0;0;1;0;0;0;0;0;0;0;0;0;0;0;0;1
id-1139;0,4;0,6;0,07;0,11;-0,35;-0,78;-1;1;0;0;0;0;0;1;0;0;0;0;0;0;0;0;0;0;1;0;0;0;0;0;0;0;0;0;0;0;0;0;0;5
id-1141;0,2;0,2;-0,63;-0,29;-0,6;-0,33;-1;0;1;0;0;1;0;0;0;0;0;0;0;0;0;0;0;0;0;0;0;0;0;0;0;0;0;0;0;0;0;0;0;1
id-1142;0,4;0,4;0,37;0,33;-0,3;-1;-1;1;1;0;0;1;0;0;0;0;0;0;0;0;0;0;0;0;0;0;0;0;0;0;0;0;0;0;0;0;0;0;0;1
id-1143;0,4;0,4;0,2;0,16;-0,2;-0,33;-0,5;1;0;0;0;0;0;1;0;0;0;0;0;1;0;0;0;0;0;0;0;0;0;0;0;0;0;0;0;0;0;0;0;1
id-1146;0,6;0,8;-0,1;0,24;-0,25;-1;-1;1;0;0;0;0;1;0;0;0;0;1;0;0;0;0;0;0;0;0;0;0;0;0;0;0;0;0;0;0;0;0;0;5
id-1147;0,6;0,6;0,33;0,29;-0,35;-0,78;-0,5;0;0;1;0;0;0;0;0;0;0;0;0;0;0;0;0;0;0;0;0;0;0;0;0;0;1;0;0;0;0;0;0;5
id-1151;0,6;0,8;0;0,11;-0,45;-0,78;-1;0;0;1;0;0;0;0;0;0;0;0;0;0;0;0;0;0;0;0;0;0;0;0;0;0;0;0;0;0;0;0;0;5
id-1152;0,4;0,6;0,2;0,2;-0,3;-0,56;-1;0;0;1;0;1;0;0;0;1;0;0;1;0;0;0;0;0;0;0;0;1;0;0;0;0;0;0;0;0;0;0;0;5
id-1153;0,4;0,6;0,16;0,2;-0,25;-1;-1;1;0;1;0;1;0;0;0;0;0;0;1;0;0;0;1;0;0;0;1;0;0;0;0;0;0;0;0;0;0;0;0;5
id-1154;0,4;0,6;0,47;0,29;-0,3;-0,56;-0,5;1;0;1;0;1;0;1;0;1;0;0;0;0;0;0;0;0;0;0;1;0;0;0;0;0;0;0;0;0;0;0;0;5
id-1155;0,2;0,6;0,22;0,11;-0,35;-1;-1;0;1;0;0;1;0;0;1;1;0;1;0;0;0;0;0;0;0;0;0;0;0;0;0;0;0;0;0;1;0;0;0;5
id-1156;0,4;0,6;0,25;0,16;-0,1;-0,56;-1;1;1;0;0;0;0;0;0;0;1;0;0;0;0;0;0;0;0;0;0;0;0;0;0;0;0;0;0;0;0;0;0;1
id-1157;0,4;0,4;0,35;0,2;-0,3;-0,78;-1;0;0;1;0;1;0;1;0;0;0;0;0;0;0;0;0;0;0;0;1;0;0;0;0;0;0;0;0;0;0;0;0;5
id-1159;0,6;0,8;0,55;0,24;-0,35;-0,11;-0,5;1;1;1;0;0;0;0;0;0;0;0;0;0;0;0;0;0;0;0;0;0;0;0;0;0;1;0;0;0;0;0;0;5
id-1160;0,4;0,6;0,08;0,16;-0,35;-1;-1;0;0;0;0;1;0;1;0;0;0;0;0;0;0;0;0;0;0;0;0;0;0;0;0;0;0;0;0;0;0;0;0;5
id-1162;0;0;0,65;0,47;-0,1;-0,78;-1;1;1;1;0;0;0;0;0;0;0;1;0;0;0;0;0;0;0;0;0;0;0;0;0;0;0;0;0;0;0;0;0;1
id-1163;0,6;0,6;-0,1;0,02;-0,35;-1;-1;0;0;1;0;0;0;1;0;0;0;0;1;0;0;0;0;0;0;0;0;0;0;0;0;0;0;0;0;0;0;0;0;5
id-1164;0,6;1;0,22;0,16;-0,3;-0,78;-1;0;0;0;0;0;0;1;0;0;0;0;0;0;0;0;0;0;0;0;0;0;0;0;0;0;0;0;0;0;0;0;0;5
id-1165;0,4;0,6;-0,87;-0,42;-0,6;-0,56;-1;0;1;1;0;0;0;0;0;0;0;0;0;0;0;0;0;0;0;0;0;0;0;0;0;0;0;0;0;0;0;0;0;1
id-1167;0,6;0,8;-0,15;0,11;-0,45;-0,78;-0,5;0;1;0;0;1;0;0;0;0;0;0;0;0;0;0;0;0;0;0;0;0;0;0;0;0;0;0;0;0;0;0;0;1
id-1168;0,4;0,6;0,14;0,16;-0,35;0,11;0,5;0;0;1;0;0;0;0;0;0;0;0;1;0;0;0;1;0;0;0;0;1;0;0;0;0;0;0;0;0;0;0;0;1
id-1170;0,2;0,2;-0,14;-0,56;-0,33;-0,56;-1;0;1;1;1;1;0;0;0;0;0;1;1;0;0;0;0;0;0;0;1;0;0;0;0;1;0;0;0;0;0;0;0;1
id-1171;0,6;0,6;0,34;0,16;-0,25;-0,78;-0,5;0;1;0;0;0;0;0;0;0;0;0;0;0;0;0;0;0;0;0;0;0;0;0;0;0;0;0;0;0;0;0;0;5
id-1172;0,6;0,8;0,38;0,29;-0,2;-0,56;-0,5;0;0;0;0;0;0;0;0;0;0;0;0;0;0;0;0;0;0;0;1;0;0;0;0;0;1;0;0;0;0;0;0;5
id-1173;0,6;0,6;0;0,24;-0,35;-1;-1;1;1;1;1;0;0;0;0;0;0;0;0;0;0;0;0;0;0;0;0;0;0;0;0;0;0;0;0;0;0;0;0;5
id-1174;0,6;0,8;0,17;0,2;-0,35;-0,78;-0,5;0;0;1;0;0;0;1;0;0;0;0;1;0;0;0;0;0;0;0;0;0;0;0;0;0;0;0;0;0;0;0;0;5
id-1176;0;0,4;0,26;0,16;-0,25;-1;-1;1;0;1;0;0;0;1;0;0;0;0;0;0;0;0;0;0;0;0;0;0;0;0;0;0;0;0;0;0;0;0;0;1
id-1177;0,4;0,6;0,04;0,11;-0,4;-0,78;-0,5;1;1;1;0;1;0;1;0;0;0;0;0;0;0;0;0;0;0;0;0;0;0;0;0;0;0;0;0;0;0;0;0;1
id-1178;0,2;0,6;0,35;0,29;-0,3;-0,56;-1;1;0;1;0;1;0;0;0;0;0;1;0;0;0;0;0;0;0;0;0;0;1;0;0;0;0;0;1;0;0;0;0;1
id-1179;0,4;0,4;0,01;0,16;-0,3;-0,78;-1;1;0;1;0;1;0;0;0;0;0;0;1;0;0;0;0;0;0;0;0;1;0;0;0;0;0;0;0;0;0;0;0;5
id-1180;0,4;0,6;0,03;0,16;-0,35;-1;-1;0;0;1;0;0;0;0;0;0;0;0;0;1;0;0;0;0;0;0;0;0;0;0;0;0;0;0;0;0;0;0;0;5
id-1181;0;0,4;0,33;0,29;-0,3;-1;-1;0;0;0;0;0;0;0;0;0;0;1;0;0;0;0;0;0;0;0;0;0;0;0;0;0;0;0;0;0;0;0;0;1
id-1182;0,8;1;0,1;0,07;-0,35;-0,78;-1;0;0;1;1;1;0;1;0;1;0;0;1;0;0;0;0;0;1;0;0;0;0;0;0;0;0;0;0;0;0;0;0;5
id-1183;0,4;0,8;0,08;0,2;-0,3;-1;-1;0;1;1;0;1;1;0;0;0;0;0;0;0;0;0;0;0;0;0;0;0;0;0;0;0;0;0;0;0;0;0;0;1
id-1184;0,4;0,6;0,21;0,16;-0,3;-1;-1;1;0;1;0;0;0;1;0;0;0;1;0;0;0;0;0;0;0;0;0;0;0;0;0;0;0;0;0;0;0;0;0;5
id-1185;0,4;0,6;0,38;0,2;-0,3;-1;-1;0;0;1;0;0;0;1;0;0;0;1;1;0;0;0;0;0;0;0;0;0;0;0;0;0;0;0;0;0;0;0;0;5
id-1186;0,6;0,6;-0,42;-0,02;-0,48;-0,78;-0,5;0;0;0;0;0;0;0;0;0;0;0;0;0;0;0;0;0;0;0;0;0;0;0;0;0;0;0;0;0;0;0;0;1
id-1188;0,6;0,8;0,2;0,2;-0,3;-0,78;-1;1;0;1;0;1;0;1;0;0;0;1;0;0;0;0;0;0;0;0;1;0;0;0;0;0;0;0;0;0;0;0;0;5
id-1189;0,2;0,6;0,5;0,2;-0,25;-0,78;-0,5;0;0;1;0;0;0;1;0;0;0;1;0;0;0;0;0;0;0;0;0;0;0;0;0;0;0;0;0;0;0;0;0;5
id-1191;0,6;0,8;0,55;0,33;-0,15;-1;-1;0;0;1;0;1;0;1;0;0;0;0;1;1;0;0;0;0;0;0;1;0;0;0;0;0;0;0;0;0;0;0;0;5
id-1193;0,6;0,6;0,4;0,42;-0,3;1,22;4;0;0;1;0;0;0;0;0;0;0;0;0;0;0;0;0;0;0;0;0;0;0;0;0;0;1;0;0;0;0;0;0;5
id-1194;0,2;0,4;0,34;0,24;-0,3;-0,56;-0,5;0;0;1;0;1;0;0;1;0;0;0;1;0;0;0;0;0;1;0;1;0;0;0;0;0;0;0;0;0;0;0;0;5
id-1199;0,4;0,6;0,27;0,2;-0,2;-1;-1;0;0;1;1;1;1;0;1;0;0;0;1;0;0;0;1;0;0;0;0;0;0;0;0;0;0;0;0;0;0;0;0;1
id-1201;0,6;0,6;0,07;0,16;-0,3;-0,33;-0,5;1;0;0;0;0;0;0;0;0;0;0;0;0;0;0;0;0;0;0;0;0;0;0;0;0;0;0;0;0;0;0;0;1
id-1202;0,4;0,6;0,15;0,11;-0,35;-1;-1;0;0;1;0;1;0;0;0;1;0;0;1;0;0;0;0;0;0;0;0;0;0;0;0;0;0;0;0;0;0;0;0;5
id-1203;0,4;0,6;0,47;0,33;-0,25;-0,56;-0,5;1;0;1;0;1;0;1;0;0;1;0;1;0;0;0;0;0;0;1;0;0;0;0;0;0;0;0;0;0;0;0;0;5
id-1204;0,2;0,4;-0,5;0,02;-0,5;-1;-1;0;1;0;0;0;0;0;0;0;0;0;0;0;0;0;0;0;0;0;0;0;0;0;0;0;0;0;0;0;0;0;0;1
id-1205;0,6;0,6;-0,45;-0,02;-0,45;-0,78;-1;0;0;1;0;0;1;0;0;0;0;0;0;0;0;0;0;0;0;0;0;0;0;0;0;0;1;0;0;0;0;0;0;5
id-1206;-0,2;0,2;0,21;0,2;-0,3;-1;-1;1;1;1;0;0;0;1;0;0;0;0;0;0;0;0;0;0;0;0;0;1;0;0;0;0;0;0;0;0;0;0;0;1
id-1207;0,8;1;0,29;0,24;-0,35;-0,56;-0,5;1;0;1;0;1;0;1;0;0;0;0;1;0;0;0;0;0;0;0;0;0;0;0;0;0;0;0;0;0;0;0;0;5
id-1208;0,4;0,6;0,35;0,24;-0,3;-1;-1;1;0;0;0;1;0;1;0;0;0;0;0;0;0;0;0;0;0;0;0;0;0;0;0;0;0;0;0;0;0;0;0;5
id-1209;0,6;0,8;0,52;0,29;-0,15;-0,78;-1;1;1;1;0;1;0;0;0;0;0;0;0;0;0;0;0;0;0;0;0;0;0;0;0;0;1;0;0;0;0;0;0;5
id-1210;0,4;0,8;-0,11;0,02;-0,35;-0,78;-0,5;0;0;1;0;0;0;0;0;0;0;0;0;0;0;0;0;0;1;0;0;0;0;0;0;0;0;0;0;0;0;0;0;5
id-1211;0,6;0,6;0,47;0,2;-0,2;-1;-1;1;0;1;0;1;0;1;1;0;0;1;0;0;0;0;0;0;0;0;0;0;0;0;0;0;1;0;0;0;0;0;0;5
id-1213;0,4;0,4;0,21;0,2;-0,35;-0,78;-0,5;1;0;1;0;1;0;1;0;0;0;1;1;0;0;0;0;0;0;1;0;0;0;0;0;0;0;0;0;0;0;0;0;5
id-1214;0,6;0,8;0,22;0,2;-0,25;-0,33;-0,5;0;0;1;0;0;0;1;0;0;0;1;1;0;0;0;0;0;0;0;0;0;0;0;0;0;0;0;1;0;0;0;0;5
id-1215;-0,6;-0,4;0,09;0,07;-0,15;-1;-1;0;1;0;0;0;0;1;0;0;0;0;1;1;0;0;0;0;0;0;1;0;0;0;0;0;1;0;0;0;0;0;0;1
id-1216;0,4;0,8;0,07;0,11;-0,35;0,56;-0,5;1;0;1;0;1;1;1;0;0;0;0;1;0;0;0;0;0;1;1;0;0;0;0;0;0;0;0;0;0;0;0;0;5
id-1218;0,6;0,8;0,16;0,2;-0,4;-1;-1;0;0;1;0;0;0;0;0;0;0;0;0;0;0;0;0;0;0;0;0;0;0;0;0;0;1;0;0;0;0;0;0;5
id-1220;0,2;0,4;-0,62;-0,2;-0,15;-0,56;-1;1;0;0;0;0;0;0;0;0;0;1;0;0;0;0;0;0;0;0;0;0;0;0;0;0;0;0;0;0;0;1;0;1
id-1221;0,6;0,8;0,05;0,2;-0,35;-0,78;-0,5;0;0;1;0;1;0;1;0;0;0;0;0;0;0;0;0;0;0;0;0;0;0;0;0;0;1;0;0;0;0;0;0;5
id-1222;0,6;0,6;0,07;0,11;-0,35;-0,78;-0,5;0;0;0;0;1;0;0;0;0;0;0;0;0;0;0;0;0;0;0;0;0;0;0;0;0;1;0;0;0;0;0;0;5
id-1224;0,4;0,4;0,26;0,2;-0,3;-1;-1;1;0;1;0;0;0;1;0;0;0;1;1;1;0;0;0;0;0;0;0;0;0;0;0;0;1;0;0;1;0;0;0;5
id-1225;0,4;0,4;0,19;0,16;-0,35;-0,78;-1;1;0;1;0;0;0;1;0;0;0;0;1;0;0;0;0;0;0;1;1;0;0;0;0;0;0;0;0;0;0;0;0;5
id-1226;0,6;0,8;0,4;0,24;-0,25;-0,78;-0,5;0;0;1;0;1;0;1;0;0;0;0;1;0;0;0;0;0;0;0;0;0;0;0;0;0;0;0;0;0;0;0;0;5
id-1228;0,2;0,2;-0,43;-0,16;-0,4;-0,56;-0,5;1;0;0;0;0;1;0;0;0;0;0;0;0;0;0;0;0;0;0;0;0;0;0;0;0;0;0;0;0;0;0;0;1
id-1229;0,6;0,8;0,33;0,11;-0,3;-1;-1;1;0;1;0;0;0;0;1;0;0;1;0;0;0;0;0;0;0;0;0;0;0;0;0;0;0;0;0;0;0;0;0;5
id-1230;0,8;1;0,23;0,2;-0,25;-0,78;-0,5;0;0;1;0;1;0;1;0;0;0;0;0;0;0;0;0;0;0;0;0;0;0;0;0;0;0;0;0;0;0;0;0;5
id-1231;0,6;0,6;0,13;0,2;-0,45;-1;-1;0;0;1;0;0;1;0;0;0;0;0;0;0;0;0;0;0;0;0;0;0;0;0;0;0;1;0;0;0;0;0;0;5
id-1232;0,6;0,8;0,5;0,24;-0,2;-0,33;-0,5;1;0;1;0;1;0;1;0;0;0;0;1;0;0;0;1;0;0;0;0;0;0;0;0;0;1;0;0;0;0;0;0;5
id-1233;0,6;0,8;0,28;0,24;-0,15;-0,33;0;1;0;1;0;0;0;1;0;0;0;0;0;0;0;0;0;0;0;0;0;0;0;0;0;0;1;0;0;0;0;0;0;5
id-1234;0,6;0,6;0,18;0,42;-0,2;-0,56;0;0;0;0;0;0;0;0;0;0;0;0;0;0;0;0;0;0;1;0;0;0;0;0;0;0;1;0;0;0;0;0;0;5
id-1235;0,6;0,8;0,2;0,33;-0,35;-1;-1;0;0;1;0;1;0;0;0;0;0;0;0;0;0;0;0;0;0;0;1;0;0;0;0;0;1;0;0;0;0;0;0;5
id-1236;0,4;0,4;0,27;0,16;-0,35;-0,33;0;0;1;1;0;0;0;1;0;0;0;0;1;0;0;0;0;0;0;0;1;0;0;0;0;0;0;0;0;0;0;0;0;5
id-1237;0,6;0,6;0,5;0,29;-0,28;-0,78;-1;0;1;0;0;1;0;0;0;0;0;0;0;0;0;0;1;0;0;0;0;0;0;0;0;0;0;0;0;0;0;0;0;1
id-1239;0,2;0,6;-0,15;0,2;-0,3;-1;-1;0;0;1;0;1;0;0;0;0;0;0;0;0;0;0;0;0;0;0;0;0;0;0;0;0;1;0;0;0;0;0;0;5
id-1240;0,2;0,4;0,4;0,24;-0,25;-1;-1;0;1;1;0;1;0;1;0;0;0;0;1;0;0;0;0;0;1;0;1;0;0;0;0;0;0;0;0;0;0;0;0;5
id-1241;0,4;0,4;-0,03;0,11;-0,3;-1;-1;0;1;1;0;0;0;0;0;0;0;0;1;0;0;0;0;0;0;0;0;1;0;0;0;0;0;0;0;0;0;0;0;1
id-1244;0,4;0,6;0,18;0,16;-0,3;-1;-1;0;0;1;0;1;0;1;0;0;0;0;0;0;0;0;0;0;1;0;0;0;0;0;0;0;0;0;0;0;0;0;0;5
id-1245;0,4;0,8;0,22;0,16;-0,3;-0,11;0;1;0;1;0;0;1;0;0;0;0;1;1;0;0;0;0;0;0;0;0;0;0;0;0;0;0;0;0;0;0;0;0;5
id-1246;0,4;0,6;0,35;0,33;-0,2;-1;-1;0;0;1;0;0;0;0;0;0;0;0;0;0;0;0;0;0;0;0;1;0;0;0;0;0;0;0;0;0;0;0;0;1
id-1247;-0,2;0,4;0,3;0,24;-0,3;-1;-1;0;0;1;0;1;0;0;0;0;0;0;1;0;0;0;0;0;0;0;0;0;0;0;0;0;0;0;0;0;0;0;0;1
id-1248;0,4;0,6;0,43;0,2;-0,35;-1;-1;1;0;1;0;1;1;0;0;0;0;0;1;0;0;0;0;0;0;0;0;0;0;0;0;0;1;0;0;0;0;0;0;5
id-1249;0,6;0,8;0,48;0,29;-0,15;-1;-1;0;0;1;0;1;0;0;0;0;0;1;1;0;0;0;0;0;0;0;0;0;0;0;0;0;0;0;0;0;0;0;0;1
id-1250;0,6;0,6;0,06;0,11;-0,3;-1;-1;0;0;0;0;1;0;0;0;0;1;1;0;0;0;0;0;0;0;0;0;0;0;0;0;0;0;0;0;0;0;0;0;1
id-1252;0,6;0,8;0,27;0,2;-0,25;-1;-1;1;0;0;0;0;0;0;0;0;0;0;0;1;0;0;0;0;0;0;0;0;0;0;0;0;0;0;0;0;0;0;0;1
id-1253;0,2;0,4;-0,31;-0,16;-0,35;-0,78;-1;0;1;1;1;1;0;0;0;0;1;0;1;0;0;0;0;0;0;0;0;0;0;0;0;0;0;0;0;0;0;0;0;5
id-1254;0,4;0,8;-0,05;0,11;-0,45;1;1;0;0;1;0;0;0;0;0;0;0;0;0;0;0;0;0;0;0;0;0;1;0;0;0;0;0;0;0;0;0;0;0;1
id-1255;0,4;0,4;-0,2;-0,07;-0,43;-0,78;-1;0;1;0;0;0;0;1;0;0;0;0;0;0;0;0;0;0;0;0;0;0;0;0;0;0;0;0;0;0;0;0;0;1
id-1257;0,6;0,6;0,15;0,16;-0,35;-1;-1;1;1;1;0;1;0;1;0;0;0;1;0;1;0;0;0;0;0;1;0;0;0;0;0;0;0;0;0;0;0;0;0;5
id-1258;0,2;0,6;-0,21;0,02;-0,4;-1;-1;1;0;1;1;1;0;0;0;0;0;1;0;1;0;0;0;0;0;0;0;1;0;0;0;0;1;0;0;0;0;0;0;5
id-1259;0,2;0,6;0,4;0,29;-0,25;-1;-1;1;0;0;0;0;0;0;0;0;0;0;0;1;0;0;0;0;0;0;0;0;1;0;0;0;0;0;0;0;0;0;0;1
id-1262;0,2;0,4;0,05;0,16;-0,35;-1;-1;0;1;1;0;0;0;0;0;0;0;1;1;0;0;0;0;0;0;0;0;0;0;0;0;0;0;0;0;0;0;0;0;1
id-1263;0,4;0,6;0,28;0,29;-0,3;-1;-1;1;1;1;0;1;0;1;0;0;0;0;0;0;0;0;0;0;0;0;0;0;0;0;0;0;0;0;0;0;0;0;0;1
id-1264;0,6;0,8;0,2;0,2;-0,35;-1;-1;0;0;1;0;0;0;1;0;0;0;1;0;0;0;0;0;0;0;0;0;0;0;0;0;0;1;0;0;0;0;0;0;5
id-1265;0,6;0,8;0,54;0,47;-0,35;-1;-1;0;0;1;0;1;0;0;0;0;0;0;0;0;0;0;0;0;0;0;0;0;0;0;0;0;1;0;0;0;0;0;0;5
id-1267;0,4;0,6;-0,02;0,11;-0,35;-1;-1;1;0;1;0;1;0;0;1;0;0;0;1;0;0;0;0;0;0;0;0;0;0;0;0;0;1;0;0;0;0;0;0;5
id-1272;0,6;0,6;-0,1;0,16;-0,5;-0,78;-1;0;0;1;0;0;0;0;0;0;0;1;0;0;0;0;0;0;0;0;0;0;0;0;0;0;1;0;0;0;0;0;0;5
id-1273;0,6;1;0,1;0,24;-0,4;-0,56;-0,5;0;0;1;0;0;0;0;0;0;0;0;0;0;0;0;0;0;0;0;0;0;0;0;0;0;1;0;0;0;0;0;0;5
id-1274;0,6;0,6;0,08;0,2;-0,35;-0,56;-0,5;1;1;1;0;0;0;0;0;0;0;0;0;0;0;0;0;0;0;0;0;0;0;0;0;0;1;0;0;1;0;0;0;5
id-1275;0,8;0,8;0,22;0,16;-0,35;-0,56;0;1;0;1;0;0;1;0;0;0;0;0;1;0;0;0;0;0;0;0;0;0;0;0;0;0;0;0;0;0;0;0;0;5
id-1277;0;0,4;-0,2;0,07;-0,45;-1;-1;1;0;1;0;0;0;0;0;0;0;0;0;1;0;0;0;0;0;0;0;0;0;0;0;0;0;0;0;0;0;0;0;1
id-1278;-0,6;-0,2;0,58;0,33;-0,2;-1;-1;1;0;0;0;0;0;1;0;0;0;0;0;1;0;0;0;0;0;0;0;0;0;0;0;0;0;0;0;0;0;0;0;1
id-1279;0,2;0,4;-0,35;0,11;-0,3;-1;-1;0;0;1;0;1;0;0;1;0;0;1;0;0;0;0;0;0;0;0;0;0;0;0;0;0;0;0;0;0;0;0;0;1
id-1280;0,6;0,8;0,12;-0,02;-0,2;-0,78;-1;1;1;1;0;0;0;1;1;0;0;1;0;0;0;0;0;0;0;1;0;0;0;0;0;0;0;0;1;0;0;0;0;5
id-1281;0,6;0,8;0,44;0,29;-0,3;-1;-1;1;0;1;0;0;0;0;0;0;0;1;0;1;0;0;0;0;0;0;0;0;0;0;0;0;1;0;0;0;0;0;0;5
id-1282;0,6;0,6;0,73;0,33;-0,05;-0,78;-0,5;0;0;1;0;1;0;0;0;0;0;0;0;0;0;0;0;0;0;0;0;0;0;0;0;0;1;0;0;0;0;0;0;5
id-1283;0,4;0,6;-0,04;0,07;-0,4;-0,78;-0,5;0;1;1;0;1;0;0;0;0;1;0;0;1;0;0;1;0;0;0;0;0;0;0;0;0;0;0;0;0;0;0;0;1
id-1284;0,6;0,6;0,09;0,16;-0,3;-1;-1;1;0;1;0;0;1;0;0;0;0;0;1;0;0;0;0;0;0;0;0;0;0;0;0;0;0;0;0;0;0;0;0;1
id-1286;0,6;0,6;-0,08;0,2;-0,45;-1;-1;0;0;1;0;1;0;0;0;0;0;0;0;0;0;0;0;0;0;0;0;0;0;0;0;0;1;0;0;0;0;0;0;5
id-1287;0,4;0,6;0,02;0,16;-0,3;-0,78;-1;0;1;1;0;0;0;0;0;0;0;0;0;0;0;0;0;0;0;0;0;1;0;0;0;0;0;0;0;0;0;0;0;1
id-1289;0,6;0,6;0,1;0,24;-0,25;-0,78;-0,5;0;0;0;0;0;0;0;0;0;0;0;0;0;0;0;0;0;0;0;0;0;0;0;0;0;1;0;0;0;0;0;0;5
id-1290;0,4;0,6;-0,13;0,11;-0,3;-1;-1;1;0;1;0;0;0;0;0;0;0;0;0;0;0;0;0;0;0;0;0;0;0;0;0;0;0;0;0;0;0;0;0;1
id-1294;0,4;0,6;-0,16;0,11;-0,3;-0,78;-1;1;0;1;0;0;1;0;0;0;0;0;0;0;0;0;0;0;0;0;0;0;0;0;0;0;0;0;0;0;0;0;0;1
id-1295;0,6;0,6;0,25;0,29;-0,25;-0,56;-0,5;1;0;1;0;0;0;0;0;0;0;1;1;0;0;0;0;0;0;1;0;0;0;0;0;0;0;0;0;0;0;0;0;5
id-1296;0,4;0,6;0,2;0,16;-0,35;-0,56;-0,5;0;0;1;0;0;0;1;0;0;0;0;1;0;0;0;0;0;0;0;0;0;0;0;0;0;0;0;0;0;0;0;0;5
id-1297;0,4;0,6;0,27;0,2;-0,35;-0,78;-1;1;0;1;0;1;1;1;0;0;0;0;1;0;0;0;0;0;0;0;0;0;0;0;0;0;0;0;0;0;0;0;0;5
id-1299;0,4;0,4;0,08;0,2;-0,3;-1;-1;0;1;1;0;1;0;0;0;0;1;0;0;0;0;0;0;0;0;0;0;0;0;0;0;0;0;0;0;0;0;0;0;1
id-1301;0,6;0,8;-0,05;0,02;-0,4;-1;-1;1;1;0;0;1;0;0;0;0;0;0;0;0;0;0;0;0;0;0;0;0;0;0;0;0;0;0;0;1;0;0;0;5
id-1303;0,6;0,8;0,18;0,11;-0,35;-0,78;-1;0;0;1;0;1;1;0;0;0;0;0;0;1;0;0;0;0;0;0;0;0;0;0;0;0;0;0;0;0;0;0;0;1
id-1305;0,6;0,6;0,03;0,11;-0,25;0,11;0;0;0;1;0;0;0;1;0;0;0;0;0;0;0;0;0;0;0;0;0;0;0;0;0;0;1;0;0;0;0;0;0;5
id-1306;0,2;0,2;-0,4;-0,07;-0,5;-1;-1;0;0;1;0;1;0;0;0;0;0;0;0;0;0;0;0;0;0;0;0;0;0;0;0;0;0;0;0;0;0;0;0;1
id-1307;0,4;0,6;0,12;0,2;-0,3;-1;-1;0;0;1;0;0;1;0;1;0;0;0;1;0;0;0;1;0;0;0;0;0;0;0;0;0;1;0;0;1;0;0;0;5
id-1309;0,4;0,6;-0,08;0,16;-0,4;-1;-1;1;0;1;0;1;1;1;0;0;0;0;1;0;0;0;0;0;1;0;0;0;0;0;0;0;0;0;0;0;0;0;0;5
id-1310;0,4;0,6;-0,04;0,02;-0,35;-0,78;-1;0;0;1;1;0;0;0;1;0;0;0;0;0;0;0;0;0;1;0;0;1;0;0;0;0;0;0;0;0;0;0;0;5
id-1311;0,6;0,8;0,6;0,51;-0,2;-0,78;-0,5;0;0;1;0;0;0;0;1;0;0;0;0;0;0;0;0;0;0;0;0;0;0;0;0;0;1;0;0;0;0;0;0;5
id-1313;0,6;0,6;0,28;0,29;-0,25;-1;-1;1;0;1;0;0;0;0;0;0;0;0;1;0;0;0;0;0;0;0;0;0;0;0;0;0;1;0;0;0;0;0;0;5
id-1314;0,4;0,6;0,05;0,11;-0,3;-0,56;-0,5;0;1;0;0;0;0;0;0;0;0;0;0;0;0;0;0;0;0;0;0;0;0;0;0;0;0;0;0;0;0;0;0;1
id-1315;0,2;0,6;0,14;0,2;-0,35;-1;-1;1;0;1;0;1;0;0;0;0;0;0;0;0;0;0;0;0;0;0;1;0;0;0;0;0;0;0;0;0;0;0;0;5
id-1316;0,6;0,6;0,55;0,29;-0,3;0,11;-0,5;1;0;0;0;1;0;0;0;0;0;0;0;0;0;0;0;0;0;0;0;0;0;0;0;0;1;0;0;0;0;0;0;5
id-1317;0,6;0,8;0,6;0,16;-0,35;0,33;0;1;0;1;0;0;0;1;0;0;0;0;0;0;0;0;0;0;0;1;0;0;0;0;0;0;0;0;0;0;0;0;0;5
id-1319;-0,2;0,2;0,2;0,11;-0,25;-0,33;-1;0;0;1;0;1;0;1;0;0;0;1;1;0;0;0;0;0;0;0;0;0;0;0;0;0;0;0;0;0;0;0;0;5
id-1321;0,6;0,8;0,19;0,2;-0,35;-1;-1;0;0;1;0;1;0;1;0;0;0;0;1;0;0;0;0;0;0;0;0;0;0;0;0;0;0;0;0;0;0;0;0;5
id-1322;0,4;0,6;-0,1;0,16;-0,4;-0,78;-0,5;1;0;1;0;0;0;1;0;0;0;0;1;0;0;0;0;0;0;0;0;0;0;0;0;0;0;0;0;0;0;0;0;5
id-1323;0,8;0,8;-0,15;0,11;-0,4;-0,78;-0,5;0;0;1;0;0;0;0;0;0;0;0;1;0;0;0;0;0;0;0;0;1;0;0;0;0;1;0;0;0;0;0;0;5
id-1324;0,4;0,6;-0,12;0,11;-0,35;-0,33;0;0;0;1;0;0;1;0;0;0;0;0;0;0;0;0;0;0;0;0;0;0;0;0;0;0;0;0;0;0;0;0;0;5
id-1325;0,6;0,6;0,15;0,29;-0,35;-1;-1;0;0;1;0;0;0;0;1;0;0;0;1;0;0;0;0;0;0;0;0;0;0;0;0;0;1;0;0;0;0;0;0;5
id-1327;0,6;0,8;0,5;0,29;-0,3;-0,78;-1;1;0;0;0;0;0;1;0;0;0;0;0;1;0;0;0;0;0;0;1;0;0;0;0;0;1;0;0;0;0;0;0;5
id-1328;0,4;0,6;0,12;0,02;-0,3;-0,33;-0,5;0;0;1;0;0;0;1;0;0;0;0;0;0;0;0;0;0;0;0;0;0;0;0;0;0;0;0;0;0;0;0;0;5
id-1329;0,6;0,6;0,11;0,16;-0,3;-0,33;-1;0;1;1;0;1;0;1;0;1;0;1;0;0;0;0;0;0;0;0;0;0;0;0;0;0;0;0;0;0;0;0;0;1
id-1330;0,4;0,6;0,52;0,24;-0,25;-0,78;-0,5;0;0;1;0;0;0;1;0;0;0;0;1;0;0;0;0;0;0;0;1;0;0;0;0;0;2;0;0;0;0;0;0;5
id-1332;0,4;0,6;0,6;0,29;-0,2;-0,56;-0,5;0;0;1;0;1;0;0;0;0;0;0;0;0;0;0;0;0;0;0;0;0;0;0;0;0;1;0;0;0;0;0;0;5
id-1333;0,6;0,8;0,1;0,2;-0,3;-1;-1;1;1;0;0;1;0;0;0;0;0;1;0;0;0;0;0;0;0;0;0;0;0;0;0;0;1;0;0;0;0;0;0;5
id-1335;-0,2;0;-0,33;-0,24;-0,45;-1;-1;0;1;1;0;0;1;0;0;0;0;0;0;0;0;0;0;0;0;0;0;0;0;0;0;0;0;0;0;0;0;0;0;1
id-1336;0,4;0,6;0,38;0,24;-0,25;-0,78;-1;0;0;1;0;0;0;0;0;0;1;0;0;0;0;0;0;0;0;0;0;0;0;0;0;0;0;0;0;0;0;0;0;1
id-1338;0,6;0,6;0,25;0,33;-0,15;-1;-1;1;0;1;0;1;0;0;0;0;0;1;0;1;0;0;0;0;0;0;0;0;0;0;0;0;0;0;0;0;0;0;0;5
id-1340;0,4;0,4;-0,16;0,11;-0,35;-1;-1;0;0;1;0;0;0;0;0;0;0;1;1;0;0;0;0;0;0;0;0;1;0;0;0;0;0;0;1;0;0;0;0;5
id-1341;0,6;0,6;0,08;0,16;-0,4;-0,56;0;0;0;1;0;0;0;1;1;0;0;0;0;0;0;0;0;0;0;0;0;0;0;0;0;0;1;0;0;0;0;0;0;5
id-1342;0,4;0,6;0,23;0,16;-0,25;-0,78;-1;1;0;1;0;1;0;0;1;0;0;0;0;0;0;0;0;0;0;0;0;0;0;0;0;0;1;0;0;0;0;0;0;5
id-1344;0,4;0,6;0,15;0,2;-0,3;-1;-1;0;0;1;0;1;0;0;0;0;0;1;1;0;0;0;0;0;0;0;0;0;0;0;0;0;0;0;0;0;0;0;0;5
id-1345;0,6;0,8;0,35;0,33;-0,4;-1;-1;1;0;1;0;1;0;1;0;0;0;0;0;0;0;0;0;0;0;0;0;0;0;0;0;0;1;0;0;0;0;0;0;5
id-1346;0,6;0,6;0,22;0,11;-0,4;-0,11;-1;0;1;0;0;0;0;0;0;0;0;1;0;0;0;0;0;0;0;0;1;1;0;0;0;0;0;0;0;0;0;0;0;5
id-1348;0,4;0,4;0,3;0,24;-0,3;-0,33;-1;1;0;1;0;0;1;1;1;0;0;1;1;0;0;0;0;0;0;0;0;1;0;0;0;0;0;0;0;0;0;0;0;1
id-1349;0,2;0,2;-0,25;0,02;-0,35;-0,56;-1;0;0;1;0;0;0;1;0;0;0;0;0;0;0;0;0;0;0;0;0;0;0;0;0;0;0;0;0;0;0;0;0;1
id-1350;0,4;0,6;0,15;0,2;-0,3;-1;-1;1;1;0;0;1;0;0;0;0;0;0;0;0;0;0;1;0;0;0;0;0;0;0;0;1;0;0;0;0;0;0;0;1
id-1354;0,6;0,8;0,23;0,2;-0,3;-0,78;-1;1;1;1;0;1;0;1;1;1;0;0;0;0;0;0;0;0;0;0;0;0;0;0;0;0;0;0;0;0;0;0;0;5
id-1355;0,4;0,4;-0,18;-0,02;-0,35;-0,78;-1;0;0;1;0;1;0;0;0;1;0;0;1;0;0;0;0;0;0;0;0;0;0;0;0;0;0;0;0;0;0;0;0;5
id-1356;0,6;0,8;-0,19;-0,02;-0,45;-1;-1;0;1;0;0;1;1;0;1;0;0;0;0;0;0;0;0;0;0;0;0;0;0;0;0;1;0;0;0;0;0;0;0;5
id-1357;0;0,6;0,25;0,16;-0,4;-1;-1;1;0;1;0;1;0;1;0;0;0;0;1;1;0;0;0;0;0;0;0;0;0;0;0;0;1;0;0;0;0;0;0;5
id-1358;0,4;0,8;0,53;0,29;-0,3;-1;-1;1;0;1;0;0;0;0;0;0;0;0;1;0;0;0;0;0;0;0;0;0;0;0;0;0;0;0;0;0;0;0;0;5
id-1359;0,8;0,8;-0,12;0,11;-0,4;-1;-1;0;0;1;1;0;0;0;0;1;0;0;1;0;0;0;0;0;0;0;0;0;0;0;0;0;1;0;0;0;0;0;0;5
id-1360;0,6;0,8;0,1;0,2;-0,35;-1;-1;1;0;0;0;0;0;0;0;0;0;0;0;1;0;0;0;0;0;0;0;1;0;0;0;0;0;0;0;0;0;0;0;5
id-1361;0,4;0,4;0,04;0,11;-0,3;-1;-1;0;0;1;0;1;0;1;0;0;0;0;1;0;0;0;0;0;0;0;0;1;0;0;0;0;0;0;0;0;0;0;0;5
id-1362;0,6;0,8;0,19;0,2;-0,35;-0,33;-0,5;0;1;1;0;1;1;0;0;0;0;0;1;0;0;0;0;0;0;0;0;1;0;0;0;0;0;0;0;0;0;0;0;5
id-1363;0,4;0,6;0,22;0,2;-0,35;-0,78;-1;1;0;1;0;1;0;0;0;0;0;0;1;0;0;0;0;0;0;1;0;1;0;0;0;0;0;0;0;0;0;0;0;5
id-1364;0,6;0,6;0,65;0,47;-0,25;0,78;1;0;0;1;0;0;0;0;0;0;0;0;1;0;0;0;0;0;0;1;0;0;0;0;0;0;1;0;0;0;0;0;0;5
id-1365;0,4;0,6;0,04;0,11;-0,3;-0,33;-0,5;0;0;1;0;0;0;0;0;0;0;0;1;0;0;0;0;0;1;0;0;0;0;0;0;0;0;0;0;0;0;0;0;5
id-1366;0,6;0,6;0,25;0,24;-0,3;-0,33;-0,5;1;1;1;0;1;0;0;0;0;0;1;0;0;0;0;0;0;0;0;0;0;0;0;0;0;0;0;0;0;0;0;0;5
id-1367;-0,2;-0,2;0,1;0,24;-0,3;-1;-1;1;1;0;0;0;1;0;0;0;1;0;0;1;0;0;0;0;0;0;0;0;0;0;0;0;0;0;0;0;0;0;0;1
id-1368;0,6;0,8;0,35;0,24;-0,2;-0,56;-0,5;1;0;1;0;1;0;0;0;0;0;1;0;0;0;0;0;0;0;0;0;0;0;0;0;0;0;0;1;0;0;0;0;5
id-1369;0,6;0,6;0;0,02;-0,4;-1;-1;0;0;1;0;1;0;1;0;0;0;0;0;1;0;0;0;0;0;0;0;0;0;0;0;0;0;0;0;0;0;0;0;5
id-1370;0,4;0,8;0,04;0,16;-0,35;-1;-1;0;0;1;0;1;0;1;0;0;0;0;1;0;0;0;0;0;1;0;0;0;0;0;0;0;1;0;0;0;0;0;0;5
id-1374;0,6;0,6;0,2;0,2;-0,25;-1;-1;1;0;0;0;1;0;0;0;0;0;0;1;0;0;0;0;0;0;0;1;0;0;0;0;0;1;0;0;1;0;0;0;5
id-1375;0,6;0,6;0,15;0,11;-0,4;-1;-1;1;1;1;0;1;0;1;1;0;1;0;0;0;0;0;0;0;0;0;0;0;0;0;0;0;0;0;0;0;0;0;0;5
id-1377;0,6;0,8;0,22;0,24;-0,35;-0,33;-0,5;0;0;1;0;1;0;0;0;1;0;1;0;0;0;0;0;0;0;0;0;0;0;0;0;0;0;0;0;0;0;0;0;5
id-1378;0;0,4;0,25;0,16;-0,3;-1;-1;0;1;0;0;0;0;0;0;0;0;0;0;0;0;0;0;0;0;0;0;0;0;0;0;0;0;0;0;0;0;0;0;1
id-1379;0,4;0,6;0,18;0,33;-0,35;-1;-1;1;1;1;0;0;0;0;0;0;1;1;0;1;0;0;0;0;0;0;0;0;0;0;0;0;0;0;0;0;0;0;0;5
id-1381;0,6;0,8;0,53;0,33;-0,15;-0,56;-0,5;0;0;0;0;0;0;0;0;0;0;0;0;0;0;0;0;0;0;1;0;0;0;0;0;0;1;0;0;0;0;0;0;5
id-1383;0,6;0,6;-0,1;0,11;-0,3;-0,56;-1;0;0;1;1;0;0;0;0;0;0;0;0;0;0;0;0;0;0;0;0;0;0;0;0;0;1;0;0;0;0;0;0;5
id-1385;0,4;0,8;0,14;0,11;-0,3;-0,56;-1;0;0;1;0;1;0;1;0;0;0;0;1;0;0;0;0;0;0;0;0;1;0;0;0;0;0;0;0;0;0;0;0;5
id-1386;0,8;1;0,33;0,2;-0,25;0,11;-1;1;0;1;0;0;0;0;0;0;0;1;1;0;0;0;0;0;0;1;0;0;0;0;0;0;0;0;0;0;0;0;0;5
id-1387;0,6;0,8;0,62;0,33;-0,2;-0,56;-0,5;1;0;1;0;1;0;0;0;0;0;0;1;0;0;0;0;0;0;0;1;1;0;0;0;0;1;0;0;0;0;0;0;5
id-1388;0,2;0,4;0,17;0,2;-0,35;-1;-1;0;0;1;0;1;1;0;1;0;0;1;1;0;0;0;0;0;0;0;0;1;0;0;0;0;1;0;0;0;0;0;0;5
id-1394;0,4;0,4;0,31;0,24;-0,3;-1;-1;1;0;0;0;1;0;0;0;0;0;0;0;1;0;0;0;0;0;0;0;0;0;0;0;0;0;0;0;0;0;0;0;5
id-1395;0,6;0,8;-0,03;0,11;-0,35;-1;-1;0;0;1;0;0;0;1;1;0;0;1;0;0;0;0;0;0;0;0;0;0;0;0;0;0;0;0;0;0;0;0;0;5
id-1397;0,4;0,6;0,21;0,2;-0,35;-0,56;-1;1;0;0;0;0;0;1;0;0;0;0;0;0;0;0;0;0;0;0;1;0;0;0;0;0;0;0;0;0;0;0;0;1
id-1399;0,6;0,6;0,28;0,2;-0,25;-1;-1;0;0;1;0;1;1;0;0;0;0;0;0;0;0;0;0;0;0;0;0;1;0;0;0;0;0;0;0;0;0;0;0;5
id-1402;0,6;0,8;0,5;0,24;-0,2;-1;-1;1;1;1;0;1;0;1;0;0;0;1;0;0;0;0;0;0;0;0;0;0;0;0;0;0;1;0;0;0;0;0;0;5
id-1403;-0,8;-0,2;0,15;0,24;-0,15;-1;-1;0;1;1;0;1;0;0;0;0;0;1;1;0;0;0;1;0;0;0;0;0;0;0;0;0;0;0;0;0;0;0;0;1
id-1404;0,6;0,8;0,19;0,2;-0,4;-0,78;-1;0;1;0;0;0;1;0;0;0;0;0;0;0;0;0;0;0;0;0;0;0;0;0;0;0;0;0;0;0;0;0;0;1
id-1405;0,2;0,4;0,17;0,11;-0,35;-1;-1;1;0;1;1;0;0;1;0;0;0;0;1;0;0;0;0;0;0;0;0;1;0;0;0;0;0;0;0;0;0;0;0;5
id-1406;0,6;0,6;0,45;0,24;-0,25;-0,78;-0,5;0;0;0;0;0;0;0;0;0;0;0;0;0;0;0;1;0;0;0;0;0;1;0;0;0;0;0;0;0;0;0;0;1
id-1407;0,4;0,4;-0,45;0,11;-0,3;-0,78;-1;1;0;1;0;0;0;0;0;0;0;1;1;0;0;0;0;0;0;0;0;0;0;0;0;0;0;0;0;0;0;0;0;1
id-1409;0,6;0,8;0,18;0,16;-0,23;-0,11;-1;0;1;0;0;0;0;1;0;0;0;0;0;0;0;0;0;0;0;0;0;0;0;0;0;0;0;0;0;0;0;0;0;1
id-1412;0,4;0,6;-0,13;0,11;-0,45;-0,33;0;0;0;1;1;1;0;0;0;0;0;1;1;0;0;0;0;0;0;0;0;0;0;0;0;0;0;0;0;0;0;1;0;5
id-1414;0,4;0,6;-0,1;0,11;-0,35;-1;-1;1;1;1;0;1;0;1;0;0;0;0;1;0;0;0;0;0;0;0;0;0;0;0;0;0;0;0;0;0;0;0;0;1
id-1416;0,6;0,8;0,13;0,16;-0,3;-1;-1;0;0;1;0;0;0;1;0;0;0;0;0;0;0;0;0;0;0;0;0;0;0;0;0;0;0;0;0;0;0;0;0;5
id-1417;0,4;0,6;0,33;0,2;-0,3;-0,78;-0,5;0;0;1;0;1;0;0;0;0;0;1;1;0;0;0;0;0;0;0;0;0;0;0;0;0;0;0;0;0;0;0;0;5
id-1418;0;0,6;0,2;0,24;-0,25;-0,78;-0,5;0;1;1;0;0;0;0;0;0;0;0;1;0;0;0;0;0;0;0;0;0;0;0;0;0;0;0;0;0;0;0;0;1
id-1419;0;0,2;0,2;0,29;-0,35;-1;-1;1;1;1;0;0;1;0;1;0;0;0;1;0;0;0;0;0;0;0;0;0;0;0;0;0;0;0;0;0;0;0;0;1
id-1420;0,6;0,8;0,85;0,38;-0,05;-0,33;-0,5;1;0;0;0;0;0;0;1;0;0;1;0;1;0;0;0;0;0;0;0;0;0;0;0;0;0;0;0;1;0;0;0;5
id-1422;0,4;0,4;0,35;0,29;-0,2;-0,56;-0,5;1;0;1;0;0;0;0;0;0;0;0;1;0;0;0;0;0;0;1;1;0;0;0;0;0;0;0;0;0;0;0;0;5
id-1423;-0,4;-0,4;0,45;0,33;-0,23;-1;-1;1;0;1;0;0;0;1;0;0;0;0;0;1;0;0;0;0;0;0;0;0;0;0;0;0;0;0;0;0;0;0;0;1
id-1424;0,6;0,8;0,39;0,38;-0,4;-0,78;-1;0;0;1;0;0;0;1;0;0;0;0;0;0;0;0;0;0;0;0;0;0;0;0;0;0;1;0;0;0;0;0;0;5
id-1425;0,6;0,6;0,08;0,33;-0,25;-0,33;-0,5;0;1;1;0;0;0;0;0;0;1;0;0;0;0;0;0;0;0;0;0;0;0;0;0;0;0;0;0;0;0;0;0;1
id-1427;0,4;0,6;0,29;0,11;-0,25;-1;-1;1;0;1;0;0;1;0;0;0;0;1;1;1;0;0;0;0;0;1;1;0;0;0;0;0;0;0;0;1;0;0;0;5
id-1428;0,4;0,8;0,08;0,11;-0,35;-1;-1;0;0;1;0;0;0;1;0;0;0;1;1;0;0;0;0;0;0;0;0;0;0;0;0;0;0;1;1;0;0;0;0;5
id-1429;0,6;0,6;0,1;0,29;-0,3;-1;-1;0;1;1;0;0;1;1;0;1;0;0;0;0;0;0;0;0;0;0;0;0;0;0;0;0;0;0;0;0;0;0;0;1
id-1430;0,6;0,6;0,27;0,16;-0,3;-1;-1;1;0;1;0;0;0;1;0;0;1;1;1;0;0;0;0;0;0;0;0;1;0;0;0;0;0;0;0;0;0;0;0;5
id-1431;0,4;0,4;0,17;0,16;-0,25;-0,56;-0,5;1;0;0;0;0;0;1;0;0;0;1;0;0;0;0;0;0;0;0;0;0;0;0;0;0;0;0;0;0;0;0;0;5
id-1433;0,2;0,4;0,02;0,16;-0,3;-0,78;-1;0;0;1;0;0;0;0;0;0;0;1;1;0;0;0;0;0;0;0;0;0;0;0;0;0;1;0;0;0;0;0;0;5
id-1436;0,4;0,6;-0,2;0,02;-0,25;-1;-1;0;0;0;0;0;0;0;0;0;1;0;0;0;0;0;0;0;0;0;0;0;0;0;0;0;0;0;0;0;0;0;0;1
id-1439;0,6;0,8;-0,08;0,07;-0,3;-1;-1;0;0;0;0;1;0;1;0;0;0;1;0;0;0;0;0;0;0;0;0;0;0;0;0;0;0;0;1;0;0;0;0;5
id-1440;0,6;0,8;0,35;0,2;-0,3;-0,78;-0,5;1;1;1;0;1;0;1;0;0;0;1;0;0;0;0;0;0;0;0;0;0;0;0;0;0;0;0;0;0;0;0;0;5
id-1442;0,8;0,8;0,1;0,07;-0,4;-1;-1;1;0;1;0;1;1;0;1;0;0;0;0;0;0;0;0;0;0;0;0;1;0;0;0;0;1;0;0;0;0;0;0;5
id-1445;0,6;0,8;-0,06;0,16;-0,4;-1;-1;1;0;0;0;1;0;0;0;0;0;0;0;0;0;0;0;0;0;1;0;0;0;0;0;0;0;0;0;0;0;0;0;5
id-1446;0,2;0,4;-0,13;0,02;-0,35;-0,78;-0,5;0;0;1;0;0;0;0;0;0;0;0;1;0;0;0;0;0;0;0;0;0;0;0;0;0;0;0;1;0;0;0;0;5
id-1447;0,6;0,6;0,43;0,24;-0,15;-0,78;-0,5;0;1;0;0;1;0;0;0;0;0;0;1;0;0;0;0;0;0;0;0;0;0;0;0;0;0;0;0;0;0;0;0;1
id-1448;0,6;0,6;0,31;0,24;-0,3;-1;-1;1;1;1;0;1;0;0;0;0;0;0;1;0;0;0;0;0;0;0;0;0;0;0;0;0;0;0;0;0;0;0;0;1
id-1449;0,6;0,8;0,08;0,16;-0,3;-0,78;-1;1;0;0;0;0;1;1;0;0;0;0;0;0;0;0;0;0;0;0;0;0;0;0;0;0;0;0;0;0;0;0;0;1
id-1450;0,4;0,6;0,19;0,11;-0,25;0,11;-0,5;0;0;1;0;0;0;0;0;0;0;1;1;0;0;0;0;0;0;1;0;0;0;0;0;0;0;0;0;0;0;0;0;5
id-1451;0,8;1;-0,13;0,2;-0,4;-1;-1;0;1;0;0;0;0;0;0;0;0;0;0;0;0;0;0;0;0;0;0;0;0;0;0;0;0;0;0;0;0;0;0;1
id-1453;0,4;0,6;0,61;0,24;-0,25;-1;-1;0;0;1;0;0;0;1;0;0;0;1;1;1;0;0;0;0;0;0;0;0;0;0;0;0;0;0;0;0;0;0;0;5
id-1456;-1;-0,8;0,2;0,2;-0,3;-0,78;-0,5;0;1;1;0;0;1;0;0;0;0;0;0;1;0;0;0;0;0;0;0;0;0;0;0;0;0;0;0;0;0;0;0;1
id-1458;0,6;0,8;-0,02;0,11;-0,4;-1;-1;0;0;1;0;0;0;0;1;0;0;0;1;0;0;0;0;0;0;0;0;0;0;0;0;0;0;0;0;1;0;0;0;5
id-1459;0,6;0,8;0,45;0,2;-0,3;-1;-1;1;0;1;0;0;0;1;1;0;0;1;0;1;0;0;0;0;0;0;1;0;0;0;0;0;1;0;0;0;0;0;0;5
id-1461;0,6;0,8;0,15;0,2;-0,35;-0,78;-1;1;0;0;0;1;0;1;0;1;0;0;0;0;0;0;0;0;0;0;0;0;0;0;0;0;1;0;0;0;0;0;0;5
id-1463;0,2;0,4;0,64;0,33;-0,25;-1;-1;0;0;1;0;1;1;1;0;0;0;0;1;0;0;0;0;0;0;0;0;0;0;0;0;0;0;0;0;0;0;0;0;5
id-1465;0,4;0,6;0,15;0,2;-0,3;-1;-1;0;0;1;0;1;0;0;0;0;0;1;0;1;0;0;0;0;0;0;0;0;0;0;0;0;0;0;1;0;0;0;0;5
id-1466;0,6;0,8;0,2;0,2;-0,25;-0,56;0;0;0;0;0;0;0;0;0;0;0;0;0;0;0;0;0;0;0;0;1;0;0;0;0;0;0;0;0;0;0;0;0;5
id-1467;0,6;0,8;0,2;0,11;-0,25;-0,56;-1;0;0;0;0;0;1;0;0;0;0;0;0;0;0;0;0;0;1;0;0;0;0;0;0;0;1;0;0;0;0;0;0;5
id-1469;0,4;0,6;-0,15;-0,02;-0,4;-0,33;-0,5;0;1;1;0;1;0;0;1;0;0;0;1;0;0;0;0;0;0;0;0;0;0;0;0;0;0;0;0;0;0;0;0;5
id-1471;0,6;0,8;0,25;0,2;-0,3;-0,56;0;0;0;0;0;1;0;0;0;0;0;0;1;0;0;0;0;0;0;0;0;0;0;0;0;0;0;0;0;0;0;0;0;5
id-1473;0,6;0,6;0,1;0,2;-0,35;-1;-1;0;0;0;1;0;0;0;0;0;0;0;0;0;0;0;0;0;0;0;0;0;0;0;0;0;0;0;0;0;0;0;0;5
id-1475;0,4;0,6;0,25;0,2;-0,35;-1;-1;0;1;0;0;1;0;0;0;0;0;0;1;0;0;0;0;0;0;0;1;0;0;0;0;0;0;0;0;0;0;0;0;5
id-1476;0,6;0,8;0,19;0,11;-0,4;-0,78;-0,5;1;0;0;0;0;0;0;0;0;0;0;0;0;0;0;0;0;0;0;0;0;0;0;0;0;0;0;0;0;0;0;0;1
id-1477;0,2;0,6;0,1;0,11;-0,35;-0,78;-1;0;0;1;0;0;0;0;0;0;0;1;1;0;0;0;0;0;0;0;0;0;0;0;0;0;0;0;0;0;0;0;0;5
id-1478;0,6;0,8;0,45;0,2;-0,3;-1;-1;0;0;1;0;0;0;0;1;0;0;0;1;0;0;0;0;0;0;0;0;0;0;0;0;0;0;0;0;0;0;0;0;5
id-1479;0,6;0,6;0,45;0,16;-0,25;-0,78;-0,5;1;0;1;0;0;0;1;1;0;0;0;0;0;0;0;0;0;0;0;0;0;0;0;0;0;0;0;0;0;0;0;0;5
id-1480;0,2;0,2;-0,64;-0,33;-0,5;-1;-1;0;1;0;0;0;0;0;0;0;0;0;0;0;0;0;0;0;0;0;0;0;0;0;0;0;0;0;0;0;0;0;0;1
id-1481;0,2;0,2;-0,43;-0,2;-0,45;-1;-1;0;1;0;0;0;0;0;0;0;0;0;0;0;0;0;0;0;0;0;0;0;0;0;0;0;0;0;0;0;0;0;0;1
id-1482;0,4;0,6;0,06;0,02;-0,35;-0,78;-1;0;0;1;0;1;0;0;0;0;0;0;0;0;0;0;0;0;0;0;0;1;0;0;0;0;0;0;0;0;0;0;0;5
id-1483;0,6;0,8;0,05;0,2;-0,3;-0,56;0;0;0;0;0;1;0;0;1;0;0;0;0;0;0;0;0;0;0;0;0;0;0;0;0;0;1;0;0;0;0;0;0;5
id-1484;0,8;0,8;0,15;0,33;-0,35;-0,11;0,5;0;0;0;0;1;0;0;0;0;0;0;0;0;0;0;0;0;1;0;0;0;0;0;0;0;1;0;0;0;0;0;0;5
id-1485;0,6;0,8;0,19;0,24;-0,3;-1;-1;1;0;1;0;0;0;0;0;0;0;1;1;0;0;0;0;0;0;0;1;0;0;0;0;0;0;0;0;0;0;0;0;5
id-1486;0,6;0,6;-0,11;0,07;-0,4;-1;-1;1;1;0;0;0;0;0;0;0;0;0;0;1;0;0;0;0;0;0;0;0;0;0;0;0;0;0;0;0;0;0;0;1
id-1487;0,6;0,8;0,1;0,24;-0,4;-0,56;-0,5;0;0;1;0;1;0;0;1;0;0;0;0;0;0;0;0;0;0;0;0;0;0;0;0;0;0;0;0;0;0;0;0;5
id-1489;0,4;0,4;-0,06;0,11;-0,35;-0,78;-0,5;1;0;1;0;0;1;0;0;0;0;1;1;0;0;0;0;0;0;0;0;1;0;0;0;0;0;0;0;0;0;0;0;1
id-1490;0,6;1;0,37;0,11;-0,25;-0,33;0;1;0;1;0;1;0;1;1;0;0;0;1;0;0;0;0;0;0;0;0;0;0;0;0;0;0;0;0;0;0;0;0;5
id-1492;0,6;0,8;-0,26;-0,07;-0,4;-1;-1;0;0;0;0;0;0;0;0;0;0;1;0;0;0;0;0;0;0;0;0;0;0;0;0;0;0;0;0;0;0;0;0;5
id-1494;0,2;0,6;0,01;0,11;-0,4;-0,33;-0,5;0;0;1;0;0;0;0;1;0;0;0;1;0;0;0;0;0;1;0;0;0;0;0;0;0;0;0;0;0;0;0;0;5
id-1495;0,6;1;0,19;0,11;-0,3;-1;-1;0;0;1;0;1;0;1;0;0;0;0;1;0;0;0;0;0;1;0;0;0;0;0;0;0;0;0;0;0;0;0;0;5
id-1497;0,6;0,8;0,56;0,42;-0,2;-0,78;-0,5;0;0;1;0;1;0;0;0;0;0;0;0;0;0;0;0;0;0;0;0;0;0;0;0;0;1;0;0;0;0;0;0;5
id-1498;0,6;0,8;0,47;0,24;-0,3;-0,78;-1;0;1;1;0;1;0;0;1;0;0;1;0;0;0;0;0;0;0;0;0;0;0;0;0;0;0;0;0;0;0;0;0;5
id-1499;0,4;0,6;0,14;0,11;-0,3;-0,78;-1;0;0;1;0;1;0;1;0;0;0;1;1;0;0;0;0;0;0;0;1;0;0;0;0;0;0;0;0;0;0;0;0;5
id-1500;0,6;0,6;0;0,11;-0,3;-1;-1;0;0;0;0;1;0;0;0;0;0;1;0;0;0;0;0;0;0;0;0;0;0;0;0;0;0;0;0;0;0;0;0;1
id-1501;0,4;0,4;-0,07;0,02;-0,35;-1;-1;0;0;1;0;0;0;1;0;0;0;0;0;0;0;0;0;0;0;0;0;0;0;0;0;0;0;0;0;0;0;0;0;5
id-1503;0,6;0,8;0,1;0,16;-0,3;-1;-1;0;0;1;0;1;0;0;0;0;0;0;0;0;0;0;0;0;0;0;1;0;0;0;0;0;1;0;0;1;0;0;0;5
id-1504;0,4;0,6;0,09;0,02;-0,3;-1;-1;1;0;1;0;0;0;1;0;0;0;1;0;1;0;0;0;0;0;0;0;0;0;0;0;0;1;0;0;0;0;0;0;5
id-1505;0,2;0,8;0,35;0,33;-0,3;-0,56;-0,5;0;0;1;0;1;0;0;0;0;0;0;1;0;0;0;0;0;0;0;0;0;0;0;0;0;0;0;0;0;0;0;0;5
id-1506;0,4;0,6;0,08;0,11;-0,35;-0,78;-0,5;1;0;1;0;0;0;1;0;0;0;0;1;0;0;0;0;0;1;0;0;1;0;0;0;0;0;0;0;0;0;0;0;5
id-1507;0,4;0,6;0,81;0,29;-0,25;-0,56;-0,5;0;0;1;0;0;0;1;0;0;0;0;1;0;0;0;0;0;0;1;0;0;0;0;0;0;0;0;0;0;0;0;0;5
id-1508;0,4;0,6;0,05;0,24;-0,33;-1;-1;1;0;0;0;1;0;0;0;0;0;0;0;0;0;0;0;0;0;0;0;0;0;0;0;0;0;0;0;0;0;0;0;1
id-1509;0,6;0,4;0,25;0,33;-0,25;-1;-1;0;0;1;0;0;0;0;1;0;0;0;1;1;0;0;0;0;0;0;0;0;0;0;0;0;0;0;0;0;0;0;0;1
id-1510;0,4;0,6;0,05;0,16;-0,35;-0,56;-1;1;1;1;0;0;0;0;0;1;0;1;1;0;0;0;1;0;0;1;0;0;0;0;0;0;0;0;0;0;0;0;0;5
id-1512;0,4;0,4;0;0,16;-0,3;-0,78;-1;1;0;1;0;0;0;0;0;0;0;0;0;0;0;0;0;0;0;0;0;0;0;0;0;0;0;0;0;0;0;0;0;1
id-1513;0,6;0,8;0,45;0,24;-0,35;-0,78;-0,5;0;0;0;0;1;1;0;0;0;0;0;0;0;0;0;0;0;1;0;0;0;0;0;0;0;1;0;0;0;0;0;0;5
id-1514;-0,4;0,6;0,25;0,11;-0,35;-1;-1;0;0;0;0;0;0;0;0;0;0;1;0;1;0;0;0;0;0;0;1;0;0;0;0;0;1;0;0;0;0;0;0;5
id-1515;0,6;0,8;0,45;0,29;-0,3;-0,33;-0,5;1;0;0;0;0;0;0;0;0;0;0;0;0;0;0;0;0;0;0;0;0;0;0;0;0;1;0;0;0;0;0;0;1
id-1517;0,4;0,4;0,32;0,16;-0,3;-0,11;0;1;0;1;0;0;0;1;0;0;0;0;0;0;0;0;0;0;0;0;0;0;0;0;0;0;0;0;0;0;0;0;0;5
id-1518;0,6;0,6;0,03;0,11;-0,35;-1;-1;0;0;1;0;0;0;0;0;0;0;0;1;0;0;0;0;0;0;0;1;0;0;0;0;0;0;0;0;0;0;0;0;5
id-1519;0,4;0,4;-0,08;0,11;-0,5;-1;-1;1;1;1;0;0;0;1;0;0;0;0;1;0;0;0;0;0;0;0;0;0;0;0;0;0;0;0;0;0;0;0;0;5
id-1521;0,2;0,6;0,05;0,16;0;-0,78;-0,5;1;1;0;0;1;0;0;0;0;0;1;0;0;0;0;0;0;0;0;0;0;0;0;0;0;0;0;0;0;0;0;0;1
id-1522;0,8;0,8;0,35;0,24;-0,25;-0,78;-0,5;0;0;1;0;0;0;0;0;0;0;0;0;0;0;0;0;0;0;0;0;0;0;0;0;0;1;0;0;0;0;0;0;5
id-1523;0,4;0,4;-0,18;0,07;-0,35;-1;-1;1;0;0;0;0;0;0;0;0;0;1;0;1;0;0;1;0;0;0;0;0;0;0;0;0;0;0;0;1;0;0;0;1
id-1525;0,6;0,6;0,25;0,2;-0,3;-0,78;-1;1;0;1;0;0;0;0;0;0;0;0;1;0;0;0;0;0;0;0;0;1;0;0;0;0;0;0;0;0;0;0;0;5
id-1526;0,4;0,4;0,01;0,07;-0,3;0,11;-0,5;1;0;0;0;0;0;0;0;0;0;1;0;0;0;0;0;0;0;0;0;0;0;0;0;0;0;0;0;0;0;0;0;5
id-1528;0,4;0,4;-0,06;0,11;-0,35;-0,56;-1;1;0;0;0;1;1;0;0;0;0;1;1;0;0;0;0;0;0;0;0;0;0;0;0;0;0;0;0;0;0;0;0;5
id-1529;0,2;0,6;0,1;0,07;-0,25;-1;-1;0;0;1;0;0;0;1;0;1;0;0;0;0;0;0;0;0;0;0;0;0;0;0;0;0;0;0;0;0;0;0;0;5
id-1531;0;0,4;0,05;0,11;-0,25;-0,11;-0,5;0;1;1;0;0;0;1;0;1;0;0;0;0;0;0;0;0;0;0;1;0;1;0;0;0;0;0;1;0;1;0;0;1
id-1532;0,2;0,2;0,24;0,29;-0,25;-0,78;-1;1;1;0;0;0;1;0;0;0;1;1;0;0;0;0;0;0;0;0;0;0;0;0;0;0;0;0;1;0;1;0;0;1
id-1533;0,4;0,6;0,27;0,2;-0,3;-0,78;-1;0;1;1;0;0;0;1;0;0;0;0;1;0;0;0;0;0;0;0;0;0;0;0;0;0;0;0;0;0;0;0;0;1
id-1534;0,4;0,6;0,34;0,2;-0,35;-0,33;-0,5;0;0;1;0;0;0;1;0;0;0;0;1;0;0;0;0;0;0;1;0;0;0;0;0;0;1;0;0;0;0;0;0;5
id-1535;0,6;0,8;0,78;0,33;-0,2;-1;-1;0;0;1;0;1;0;0;0;0;0;0;0;0;0;0;0;0;0;0;0;0;0;0;0;0;0;0;0;0;0;0;0;5
id-1537;0,6;0,8;0,3;0,29;-0,25;-0,11;-0,5;0;0;1;0;1;0;0;0;0;0;0;0;0;0;0;0;0;0;0;0;0;0;0;0;0;1;0;0;0;0;0;0;5
id-1539;0;0,2;0,15;0,2;-0,3;-1;-1;0;1;1;0;0;0;1;0;0;0;0;0;0;1;0;0;0;1;0;0;0;0;0;0;0;0;0;0;0;0;0;0;1
id-1540;0,6;0,8;0,33;0,33;-0,25;-0,78;-0,5;0;0;1;0;0;0;0;0;0;0;0;0;0;0;0;0;0;0;0;0;0;0;0;0;0;1;0;0;0;0;0;0;5
id-1541;0,4;0,8;-0,14;0,11;-0,4;-1;-1;1;0;1;0;1;1;1;0;0;0;0;1;0;0;0;0;0;0;0;0;1;0;0;0;0;0;0;0;1;0;0;0;5
id-1544;0,2;0,2;-0,05;0,11;-0,35;-0,78;-1;1;0;1;0;0;0;1;0;0;0;0;1;0;0;0;0;0;0;0;0;0;0;0;0;0;0;0;0;0;0;0;0;1
id-1545;0,2;0,4;0,23;0,33;-0,25;-1;-1;0;1;0;0;0;0;0;0;0;0;1;0;0;0;0;0;0;0;0;1;0;0;0;0;0;0;0;0;0;0;0;0;1
id-1547;0,4;0,6;0,34;0,11;-0,3;-1;-1;0;0;1;0;0;0;0;0;0;0;0;1;0;0;0;1;0;0;0;0;0;0;0;0;0;0;0;0;0;0;0;0;1
id-1548;0,6;0,8;0,4;0,42;-0,25;-1;-1;0;0;1;0;0;1;1;0;0;0;0;0;0;0;0;0;0;0;0;0;0;0;0;0;0;1;0;0;0;0;0;0;5
id-1549;0,6;0,8;0,05;0,16;-0,5;-1;-1;0;0;0;0;1;0;0;0;0;0;0;0;0;0;0;0;0;0;0;0;0;0;0;0;0;1;0;0;0;0;0;0;5
id-1550;0,4;0,6;-0,02;0,07;-0,4;-0,78;-1;0;1;1;0;0;0;0;0;0;0;0;0;0;0;0;0;0;0;0;0;0;0;0;0;0;0;0;0;0;0;0;0;5
id-1551;0,6;0,6;0,2;0,2;-0,35;-0,78;-0,5;1;0;1;0;1;1;0;0;0;0;0;1;1;0;0;0;0;0;0;0;0;0;0;0;0;0;0;0;0;0;0;0;5
id-1553;0,4;0,6;0,38;0,24;-0,25;-0,56;0;0;0;1;0;1;0;0;0;0;0;1;1;0;0;0;0;0;0;0;0;0;0;0;0;0;0;0;0;0;0;0;0;5
id-1554;0,6;0,8;-0,13;0,07;-0,3;-1;-1;0;0;1;0;0;0;0;0;0;0;0;1;0;0;0;0;0;0;0;0;1;0;0;0;0;0;0;0;0;0;0;0;5
id-1555;0,4;0,6;0,33;0,2;-0,35;-1;-1;0;0;1;0;1;0;1;0;0;0;0;1;0;0;0;0;0;0;0;1;0;0;0;0;0;0;0;0;0;0;0;0;5
id-1556;0,6;0,8;0,18;0,33;-0,35;-1;-1;0;0;1;0;0;0;0;0;0;0;0;0;0;0;0;0;0;0;0;0;0;0;0;0;0;0;0;0;0;0;0;0;5
id-1557;-0,4;0;-0,3;-0,02;-0,45;-0,78;-1;1;1;1;0;0;1;0;0;0;0;0;0;0;0;0;0;0;0;0;0;0;0;0;0;0;0;0;0;0;0;0;0;1
id-1558;0,6;0,8;0,05;0,2;-0,4;-1;-1;1;0;1;1;0;0;1;0;0;0;0;0;0;0;0;0;0;0;0;0;1;0;0;0;0;0;0;0;0;0;0;0;5
id-1559;0,8;0,8;0,09;0,24;-0,3;-1;-1;0;1;1;0;1;0;0;0;0;0;0;0;0;0;0;0;0;0;0;1;0;0;0;0;0;0;0;0;0;0;0;0;1
id-1560;-0,4;-0,2;0,42;0,24;-0,25;-0,78;-0,5;1;0;1;0;1;0;0;0;0;0;1;1;0;0;0;0;0;0;1;1;0;0;0;0;0;0;0;0;0;0;0;0;5
id-1562;-0,2;0,2;-0,1;0,16;-0,35;-1;-1;0;0;1;0;0;1;0;0;0;0;0;0;0;0;0;0;0;0;0;0;0;0;0;0;0;0;0;0;0;0;0;0;1
id-1564;0,2;0,4;0,2;0,24;-0,35;-1;-1;0;0;1;0;1;1;1;1;0;0;0;0;0;0;0;0;0;0;0;0;0;0;0;0;0;0;0;0;0;0;0;0;1
id-1565;0,2;0,4;0;0,11;-0,25;-1;-1;1;1;0;0;0;1;0;0;0;0;0;0;0;0;0;0;0;0;0;0;0;0;0;0;0;0;0;0;0;0;0;0;1
id-1566;0,4;0,6;0,11;0,16;-0,4;-0,78;-0,5;1;0;1;0;0;1;0;0;0;0;0;1;0;0;0;0;0;0;0;0;0;0;0;0;0;0;0;0;0;0;0;0;5
id-1568;0,6;0,6;-0,02;0,2;-0,35;0,11;-0,5;0;0;1;0;1;0;1;0;0;0;1;1;0;0;0;0;0;0;0;0;0;0;0;0;0;0;0;0;0;0;0;0;5
id-1569;0,6;0,8;0,43;0,24;-0,35;-0,33;-0,5;0;0;1;0;1;0;0;1;0;0;0;0;0;0;0;0;0;0;0;0;0;0;0;0;0;1;0;0;0;0;0;0;5
id-1570;0,4;0,4;0,06;0,11;-0,35;-1;-1;1;0;1;0;1;0;1;0;0;0;1;1;0;0;0;1;0;0;0;0;1;0;0;0;0;0;0;0;0;0;0;0;5
id-1571;0,4;0,4;-0,08;0,11;-0,25;-0,78;-1;0;1;1;0;1;0;1;0;0;0;0;1;0;0;0;0;0;0;0;0;1;0;0;0;0;0;0;0;0;0;0;0;1
id-1572;0,6;0,6;0,38;0,33;-0,2;-1;-1;0;1;0;0;0;0;0;0;0;0;0;0;0;0;0;0;0;0;0;0;0;0;0;0;0;0;0;0;0;0;0;0;1
id-1573;0,4;0,6;0,19;0,11;-0,4;-0,78;-1;0;1;1;0;1;0;0;0;0;1;0;0;0;0;0;1;0;0;0;0;0;0;0;0;0;0;0;0;0;0;0;0;1
id-1576;0,6;0,8;0,28;0,16;-0,4;-1;-1;0;0;1;0;0;0;1;0;0;0;0;0;0;0;0;0;0;0;0;0;0;0;0;0;0;0;1;0;0;0;0;0;5
id-1578;0,6;0,6;-0,08;0,33;-0,35;-1;-1;0;0;1;0;1;0;0;0;0;0;0;0;0;0;0;0;0;0;0;0;0;0;0;0;0;0;0;0;0;0;0;0;5
id-1580;0,6;0,8;0,23;0,38;-0,25;-1;-1;1;0;1;0;1;0;0;0;0;0;0;0;0;0;0;0;0;0;0;0;0;0;0;0;0;1;0;0;0;0;0;0;5
id-1581;0,2;0,4;-0,25;0,07;-0,15;-0,78;-0,5;0;0;0;0;0;0;0;0;0;0;0;0;0;0;0;0;0;0;0;0;0;0;0;0;0;0;0;0;0;0;0;0;1
id-1582;0,4;0,6;-0,57;-0,33;-0,3;-1;-1;0;1;0;0;0;0;0;0;0;0;0;0;0;0;0;0;0;0;0;0;0;0;0;0;0;0;0;0;0;0;0;0;1
id-1583;0,4;0,6;0,14;0,16;-0,3;-1;-1;0;0;1;0;0;0;0;0;0;0;1;1;0;0;0;0;0;0;0;0;0;0;0;0;0;0;0;0;0;0;0;0;5
id-1584;0,6;0,8;-0,18;0,11;-0,4;0,11;0;0;1;1;0;0;0;0;0;0;0;0;1;0;0;0;0;0;0;0;0;0;0;0;0;0;0;0;0;0;0;0;0;5
id-1586;0,4;0,6;-0,09;0,11;-0,5;-0,78;-1;1;1;0;0;1;0;0;0;0;0;1;0;1;0;0;0;0;0;0;0;0;0;0;0;0;0;0;0;0;0;0;0;1
id-1588;0,6;0,6;0,18;0,24;-0,35;-1;-1;0;0;1;0;0;0;0;0;0;0;0;0;0;0;0;0;0;0;0;0;0;0;0;0;0;1;0;0;0;0;0;0;5
id-1589;0,6;0,8;0,15;0,2;-0,35;-1;-1;0;0;1;0;0;1;0;0;0;0;0;0;0;0;0;0;0;0;0;0;0;0;0;0;0;1;0;0;0;0;0;0;5
id-1591;0,4;0,6;0,31;0,24;-0,3;-0,33;-0,5;0;1;1;0;1;0;1;0;0;0;0;1;0;0;0;0;0;0;0;0;1;0;0;0;0;0;0;0;0;0;0;0;1
id-1593;0,4;0,4;0,53;0,24;-0,25;-0,78;-0,5;0;0;1;0;1;1;0;0;0;0;1;1;0;0;0;0;0;0;0;1;0;0;0;0;0;0;0;0;0;0;0;0;5
id-1596;0,4;0,6;0,43;0,42;-0,25;-1;-1;0;0;1;0;0;0;0;0;0;0;0;0;0;0;0;0;0;0;0;1;0;0;0;0;0;0;0;0;0;0;0;0;5
id-1597;0,4;0,6;-0,22;0,02;-0,4;-0,78;-0,5;1;0;1;0;0;0;1;0;0;0;0;1;0;0;0;0;0;0;0;0;0;0;0;0;0;0;0;0;0;0;0;0;5
id-1598;0,4;0,4;-0,13;-0,02;-0,45;-1;-1;1;0;0;0;0;0;0;0;0;0;1;0;0;0;0;0;0;0;0;0;0;0;0;0;0;0;0;0;0;0;0;0;5
id-1599;0,4;0,6;0;0,16;-0,3;0,33;-0,5;1;0;1;0;0;0;0;0;0;0;0;0;0;0;0;0;0;0;0;1;0;0;0;0;0;0;0;0;0;0;0;0;5
id-1601;0,2;0,4;0,15;0,2;-0,3;0,11;-1;1;0;0;0;0;0;0;0;0;0;1;0;0;0;0;0;0;0;0;0;0;0;0;0;0;0;0;0;0;0;0;0;1
id-1602;0,6;0,6;0,01;0,2;-0,35;-1;-1;0;0;1;0;0;0;1;0;0;0;0;1;0;0;0;0;0;0;0;0;0;0;0;0;0;0;0;0;0;0;0;0;5
id-1604;0,2;0,6;0,15;0,11;-0,3;-0,56;-0,5;0;0;1;0;1;0;0;0;0;0;1;1;0;0;0;1;0;0;0;0;0;0;0;0;0;0;0;0;0;0;0;0;5
id-1606;0,4;0,6;-0,03;0,02;-0,4;-0,78;-1;1;0;1;0;0;0;0;0;0;0;0;1;0;0;0;0;0;0;1;0;0;0;0;0;0;0;0;0;0;0;0;0;5
id-1607;0,4;0,6;0,5;0,51;-0,25;-1;-1;1;0;1;0;0;0;0;0;0;0;1;1;0;1;0;0;0;0;0;0;0;0;0;0;0;0;0;0;0;0;0;0;1
id-1609;0,6;0,8;0,2;0,2;-0,2;-1;-1;1;0;0;0;0;0;1;0;0;0;0;0;0;0;0;0;0;0;0;0;0;0;0;0;0;0;0;0;0;0;0;0;5
id-1610;0,4;0,6;0,27;0,16;-0,35;-0,78;-0,5;0;0;1;0;1;0;0;0;1;0;0;1;0;0;0;0;0;0;0;0;1;0;0;0;0;0;0;0;0;0;0;0;5
id-1614;-0,4;-0,6;0,4;0,11;-0,2;-0,78;-0,5;0;0;0;0;0;0;0;0;0;0;0;0;1;0;0;1;0;0;0;0;0;0;0;0;0;0;0;0;0;0;0;0;1
id-1615;0,4;0,6;-0,01;0,11;-0,35;-0,78;-1;0;0;0;0;1;0;0;0;0;0;0;0;1;0;0;0;0;0;0;0;0;0;0;0;0;0;0;0;0;0;0;0;5
id-1616;-0,8;-0,6;0,1;0,2;-0,25;-0,56;-1;0;1;1;0;0;0;1;0;0;0;0;0;1;0;0;0;0;0;0;0;0;0;0;0;0;0;0;0;0;0;0;0;1
id-1617;0,4;0,6;0,23;0,2;-0,3;-1;-1;0;0;1;0;1;0;1;0;0;0;1;1;0;0;0;1;0;0;0;0;0;0;0;0;0;1;1;0;1;0;0;0;5
id-1618;0,6;0,8;0,18;0,33;-0,25;-1;-1;0;0;1;0;0;0;0;0;0;0;0;0;0;0;0;1;0;0;0;0;0;0;0;0;0;1;0;0;0;0;0;0;5
id-1619;0,6;0,8;0,3;0,16;-0,4;-0,56;-0,5;1;1;1;0;1;0;0;0;0;0;0;0;0;0;0;0;0;0;0;0;0;0;0;0;0;0;0;0;1;0;0;0;5
id-1620;0,6;0,8;0,15;0,16;-0,25;-0,78;-1;1;0;1;0;0;0;0;0;0;0;0;0;0;0;0;1;0;0;0;0;0;0;0;0;0;1;0;0;0;0;0;0;5
id-1621;0,6;0,8;0,42;0,24;-0,4;-1;-1;0;1;1;0;1;0;0;0;0;0;0;0;0;0;0;0;0;0;0;0;1;0;0;0;0;0;0;0;0;0;0;0;5
id-1624;0,4;0,4;0,05;0,11;-0,3;-0,56;-0,5;0;0;1;0;1;0;1;0;0;0;0;0;0;0;0;0;0;0;0;0;0;0;0;0;0;1;0;0;0;0;0;0;5
id-1625;0,4;0,6;-0,2;0,02;-0,4;-1;-1;0;0;1;1;1;0;0;0;1;0;1;1;0;0;0;0;0;0;0;0;1;0;0;0;0;0;0;0;0;0;0;0;5
id-1626;0,4;0,6;0,61;0,16;-0,25;-0,11;-0,5;0;0;1;0;1;1;1;0;0;0;1;1;0;0;0;0;0;0;0;1;0;0;0;0;0;0;0;0;0;0;0;0;5
id-1627;0,6;0,8;-0,2;0,24;-0,5;-1;-1;0;0;1;0;0;0;0;0;0;0;0;1;0;0;0;0;0;0;0;0;0;0;0;0;0;1;0;0;0;0;0;0;5
id-1628;0,6;0,6;-0,54;-0,11;-0,55;-1;-1;0;1;1;1;0;0;0;1;0;0;0;0;0;0;0;0;0;0;0;0;0;0;0;0;0;0;0;0;0;0;0;0;1
id-1630;0,6;0,8;0,43;0,24;-0,25;-0,78;-1;0;0;1;0;1;0;0;0;0;0;0;0;0;0;0;0;0;0;0;0;0;0;0;0;0;0;0;0;0;0;0;0;5
id-1631;0,6;0,8;0,67;0,42;-0,2;-0,11;-0,5;0;1;1;0;0;0;0;0;0;0;1;0;0;0;0;0;0;0;0;0;0;0;0;0;0;1;0;0;0;0;0;0;5
id-1634;0,6;0,6;0,27;0,16;-0,15;-1;-1;1;1;0;0;0;0;1;0;0;0;1;0;0;0;0;0;0;0;0;0;0;0;0;0;0;0;0;0;0;0;0;0;1
id-1635;0;0,2;0,34;0,24;-0,25;-0,78;-0,5;0;0;1;0;0;0;1;1;1;0;0;1;1;0;0;0;0;0;0;0;0;0;0;0;0;0;0;0;0;0;0;0;5
id-1636;0,6;0,6;0,27;0,16;-0,15;-1;-1;1;0;0;0;0;0;1;0;0;0;1;0;0;0;0;0;0;0;0;0;0;0;0;0;0;0;0;0;0;0;0;0;5
id-1637;0,6;0,6;0,43;0,24;-0,25;-0,11;0;1;0;1;0;0;1;0;0;0;0;0;0;0;0;0;0;0;0;1;0;1;0;0;0;0;0;0;0;0;0;0;0;5
id-1638;0,6;0,6;0,33;0,29;-0,2;0,11;1,5;0;0;0;0;0;0;0;0;0;0;0;0;0;0;0;0;0;0;0;0;0;0;0;0;0;1;0;0;0;0;0;0;5
id-1639;0,6;0,8;0,13;0,16;-0,35;-1;-1;0;1;0;0;0;0;0;0;0;0;0;0;0;0;0;0;0;0;0;0;0;0;0;0;0;0;0;0;0;0;0;0;1
id-1641;0,6;0,8;-0,05;0,07;-0,4;-1;-1;1;0;1;0;0;1;1;0;0;0;0;1;0;0;0;0;0;0;0;0;1;0;0;0;0;0;0;0;0;0;0;0;5
id-1642;0,4;0,4;-0,01;0,07;-0,45;0,11;0;1;0;1;1;0;0;1;0;0;0;0;1;0;0;0;0;0;0;0;0;0;0;0;0;0;0;0;0;0;0;0;0;5
id-1643;0,4;0,6;0,35;0,24;-0,25;-0,56;-1;1;0;1;0;0;1;0;0;0;0;1;0;0;0;0;0;0;0;1;0;0;0;0;0;0;0;0;0;0;0;0;0;5
id-1644;0,4;0,6;0,08;0,2;-0,25;-1;-1;1;0;1;0;0;0;0;0;0;0;0;1;0;0;0;0;0;0;0;1;0;0;0;0;0;0;0;0;0;0;0;0;5
id-1648;0,4;0,6;0,31;0,2;-0,25;-1;-1;0;0;1;0;1;0;1;0;0;0;1;1;0;0;0;0;0;0;0;0;0;0;0;0;0;0;0;0;0;0;0;0;5
id-1650;0,6;0,8;0,02;0,11;-0,25;-0,78;-0,5;0;0;1;0;1;0;0;0;0;0;0;0;0;0;0;0;0;0;0;0;0;0;0;0;0;0;0;0;0;0;0;0;5
id-1653;0,6;0,8;0,49;0,24;-0,3;-1;-1;1;0;1;0;0;1;1;0;0;0;0;1;0;0;0;0;0;0;0;0;0;0;0;0;0;1;0;0;0;0;0;0;5
id-1655;0,8;1;0,21;0,11;-0,3;-0,56;-0,5;0;0;1;0;0;0;0;0;0;0;0;1;0;0;0;0;0;0;0;1;0;0;0;0;0;0;0;0;0;0;0;0;5
id-1656;0,4;0,4;-0,33;-0,07;-0,5;-0,78;-1;1;0;1;1;0;0;0;0;0;0;1;0;0;0;0;0;0;0;0;0;0;0;0;0;0;0;0;0;0;0;0;0;5
id-1657;0,4;0,4;0;0,16;-0,3;-0,33;-1;0;1;1;0;1;1;1;0;0;0;0;0;1;0;0;0;0;0;0;0;0;0;0;0;0;0;0;0;0;0;0;0;1
id-1658;0,6;0,6;-0,3;0,11;-0,45;-1;-1;0;0;0;0;0;0;0;0;0;1;0;0;0;0;0;0;0;0;0;0;0;0;0;0;0;1;0;0;0;0;0;0;5
id-1660;-0,6;0,4;0,01;0,16;-0,3;-0,56;-1;0;0;1;0;0;0;0;0;0;0;1;0;0;0;0;0;0;0;0;0;0;0;0;0;0;0;0;1;0;0;0;0;1
id-1661;-0,6;0;0,04;0,16;-0,4;-0,11;-0,5;0;0;1;0;1;0;1;0;0;0;1;0;0;0;0;0;0;0;0;0;0;0;0;0;0;0;0;0;0;0;0;0;1
id-1662;0,6;0,8;0,5;0,2;-0,25;-1;-1;0;0;1;0;0;0;0;0;0;0;1;0;1;0;0;0;0;0;0;0;0;0;0;0;0;1;0;0;1;0;0;0;5
id-1664;0,4;0,6;-0,11;0,2;-0,35;-0,78;-1;0;0;0;1;0;0;0;0;0;0;1;1;0;0;0;0;0;0;0;0;1;0;0;0;0;0;0;0;0;0;0;0;5
id-1666;0,6;0,8;0,35;0,2;-0,25;-0,78;-1;0;1;1;0;1;0;0;0;0;0;0;0;0;0;0;0;0;0;0;0;0;0;0;0;0;0;0;0;0;0;0;0;1
id-1667;0,4;0,6;0,2;0,2;-0,35;-1;-1;0;0;0;0;0;0;1;0;0;0;0;0;1;0;0;0;0;0;0;0;0;0;0;0;0;0;0;0;0;0;0;0;5
id-1669;-0,6;0,2;-0,5;-0,78;-0,58;-1;-1;0;0;1;0;1;1;0;0;0;0;0;0;0;0;0;0;0;0;0;0;0;0;0;0;0;0;0;0;0;0;0;0;1
id-1670;0;0;-0,45;-0,02;-0,55;-0,56;-0,5;0;0;0;0;0;0;0;0;0;0;1;0;0;0;0;0;0;0;0;1;0;0;0;0;0;0;0;0;0;0;0;0;1
id-1671;-0,4;0;-0,55;-0,11;-0,55;-1;-1;0;0;1;0;0;0;0;0;0;0;1;0;0;0;0;0;0;0;0;0;0;0;0;0;0;0;0;0;0;0;1;0;1
id-1672;0,4;0,8;0,39;0,16;-0,3;-1;-1;1;0;1;0;0;0;1;0;0;0;0;1;0;0;0;0;0;0;0;0;0;0;0;0;0;0;0;0;0;0;0;0;5
id-1673;0,6;0,8;0,19;0,16;-0,35;-1;-1;1;0;1;1;0;0;0;0;0;0;0;0;0;0;0;0;0;0;0;0;0;0;0;0;0;0;0;0;0;0;0;0;1
id-1674;0,6;0,8;-0,2;0,07;-0,45;-1;-1;0;0;0;0;1;0;0;0;0;0;1;0;0;0;0;0;0;0;0;0;0;0;0;0;0;0;0;0;0;0;0;0;5
id-1675;0,4;0,6;-0,14;0,24;-0,4;-1;-1;0;0;1;0;0;0;0;0;0;0;0;1;0;0;0;0;0;0;0;1;0;0;0;0;0;0;0;0;0;0;0;0;5
id-1676;0,6;0,6;0,05;0,07;-0,45;-1;-1;1;0;1;0;1;1;0;0;0;0;0;0;0;0;0;0;0;0;0;0;0;0;0;0;0;0;0;0;0;0;0;0;5
id-1677;0,6;0,6;0,32;0,2;-0,3;-0,56;0;0;1;1;0;1;0;1;0;0;0;1;0;0;0;0;0;0;0;0;0;0;0;0;0;0;0;0;0;0;0;0;0;5
id-1679;0,6;0,8;0,26;0,2;-0,35;-0,78;-0,5;0;0;1;0;1;1;0;1;0;0;0;0;0;0;0;0;0;0;0;0;0;0;0;0;0;0;0;1;0;0;0;0;5
id-1680;0,6;0,6;-0,06;0,02;-0,3;-1;-1;1;1;0;0;1;0;0;1;0;0;1;0;0;0;0;0;0;0;0;0;0;0;0;0;0;0;0;0;0;0;0;0;1
id-1681;0,6;0,8;-0,05;0,16;-0,25;-1;-1;1;0;0;0;1;1;0;0;1;0;0;0;0;0;0;0;0;0;0;0;0;0;0;0;0;1;0;0;0;0;0;0;5
id-1682;0,4;0,8;0,25;0,16;-0,4;-0,78;-1;1;0;1;0;1;0;1;0;0;1;0;0;0;0;0;0;0;0;0;0;0;0;0;0;0;0;0;0;0;0;0;0;5
id-1684;0,4;0,4;0,15;0,16;-0,2;-1;-1;0;0;0;0;0;0;0;0;0;0;0;0;0;0;0;0;0;0;0;0;0;0;0;0;0;0;0;0;0;0;0;0;1
id-1685;0,8;1;0,12;0,16;-0,2;-0,78;-1;0;1;0;0;0;0;0;0;0;0;0;0;0;0;0;0;0;0;0;0;0;0;0;0;0;0;0;0;0;0;0;0;1
id-1686;0,6;0,6;0,28;0,2;-0,3;-0,78;-1;1;0;0;0;1;0;0;0;0;0;0;0;0;0;0;0;0;0;0;0;0;0;0;0;0;1;0;0;1;0;0;0;5
id-1687;0,6;0,6;0,2;0,24;-0,3;-0,11;0;0;1;0;0;0;0;0;0;0;0;0;0;0;0;0;0;0;0;0;0;0;0;0;0;0;0;0;0;0;0;0;0;1
id-1688;0,4;0,4;0,2;0,11;-0,3;-1;-1;1;0;1;0;0;1;1;0;0;0;0;1;0;0;0;0;0;0;1;0;0;0;0;0;0;1;0;0;0;0;0;0;5
id-1690;0,6;0,8;0,33;0,24;-0,3;-0,33;-1;1;0;1;0;1;0;1;0;0;0;0;0;0;0;0;0;0;0;0;0;0;0;0;0;0;0;0;0;0;0;0;0;5
id-1691;0,4;0,6;-0,01;-0,02;-0,35;2,78;0;1;1;1;0;0;0;0;0;0;0;0;0;0;0;0;1;0;0;0;1;0;0;0;0;0;0;0;0;0;0;0;0;1
id-1693;0,4;0,6;0,02;0,11;-0,3;-1;-1;1;0;1;0;0;0;1;0;0;1;0;1;0;0;0;0;0;0;0;0;1;0;0;0;0;0;0;0;0;0;0;0;5
id-1695;0,6;1;0,39;0,2;-0,3;-0,78;-0,5;0;0;1;0;1;0;0;0;0;0;0;0;0;0;0;0;0;0;0;0;0;0;0;0;0;0;0;0;0;0;0;0;5
id-1696;0,2;0,6;-0,23;0,11;-0,4;-1;-1;0;1;1;1;1;0;1;0;0;0;1;0;0;0;0;0;0;0;0;0;0;0;0;0;0;0;0;0;0;0;0;0;1
id-1697;0,6;0,6;0,09;0,24;-0,25;-1;-1;1;0;1;0;1;0;0;0;0;0;0;1;0;0;0;0;0;0;0;0;1;0;0;0;0;1;0;0;0;0;0;0;5
id-1698;0,4;0,6;0,19;0,16;-0,35;-1;-1;1;0;1;0;0;0;1;0;0;0;0;1;0;0;0;0;0;0;0;1;0;0;0;0;0;0;0;0;0;0;0;0;5
id-1704;0,2;0,4;0,01;0,16;-0,3;-1;-1;0;0;1;1;1;0;0;1;0;0;1;1;0;0;0;0;0;0;0;0;0;0;0;0;0;0;0;1;0;0;0;0;5
id-1705;0,4;0,6;0,12;0,16;-0,3;-1;-1;1;0;1;0;1;1;0;0;0;1;0;0;0;0;0;0;0;1;0;0;0;0;0;0;0;0;0;0;0;0;0;0;1
id-1706;0,6;0,8;0,05;0,16;-0,45;-1;-1;0;0;1;0;1;1;1;0;0;0;0;1;0;0;0;0;0;0;0;0;0;0;0;0;0;0;0;0;0;0;0;0;5
id-1708;0,4;0,4;0,1;0,11;-0,35;1;0,5;0;0;1;0;1;0;0;0;0;0;0;1;0;0;0;0;0;1;0;0;0;0;0;0;0;0;0;0;0;0;0;0;5
id-1709;0,4;0,6;0,05;0,11;-0,35;-0,78;-0,5;1;0;1;0;0;0;1;0;0;0;1;0;0;0;0;0;0;0;0;1;0;0;0;0;0;0;0;0;0;0;0;0;5
id-1710;0,4;0,6;0,29;0,16;-0,25;-0,33;0;0;0;0;0;0;1;1;0;0;0;0;1;0;0;0;0;0;0;0;0;0;0;0;0;0;0;0;0;0;0;0;0;5
id-1711;0,4;0,4;0;-0,16;-0,3;-1;-1;1;0;1;0;0;0;0;0;0;0;0;1;0;0;0;0;0;0;1;0;0;0;0;0;0;0;0;0;0;0;0;0;5
id-1712;0;0,2;-0,1;0,11;-0,45;-1;-1;0;0;1;0;1;0;0;0;0;0;0;0;0;0;0;0;0;0;0;0;0;0;0;0;0;0;0;0;0;0;0;0;1
id-1713;0,4;0,6;0,47;0,33;-0,25;-1;-1;0;0;1;0;1;0;0;0;1;0;0;0;0;0;0;0;0;0;0;0;0;0;0;0;0;0;0;0;0;0;0;0;5
id-1714;0,6;0,6;0,08;0,29;-0,4;-0,33;-0,5;0;0;1;0;1;0;0;0;0;0;0;0;0;0;0;0;0;0;0;0;0;0;0;0;0;1;0;0;0;0;0;0;5
id-1715;0,6;1;0,35;0,2;-0,25;-0,78;-0,5;0;0;1;0;1;0;1;0;0;0;0;1;0;0;0;0;0;0;0;0;0;0;0;0;0;0;0;0;0;0;0;0;5
id-1716;0,6;0,6;-0,05;0,16;-0,25;-0,78;-1;0;0;1;0;1;0;0;0;0;0;0;0;0;0;0;0;0;0;0;0;0;0;0;0;0;1;0;0;0;0;0;0;5
id-1717;0,6;0,8;0,39;0,24;-0,25;-0,78;-0,5;0;0;1;0;1;0;0;0;0;0;0;1;0;0;0;0;0;0;0;0;0;0;0;0;0;0;0;0;0;0;0;0;5
id-1718;0,6;0,8;0,15;0,11;-0,3;-0,11;-0,5;1;0;1;0;1;1;1;0;0;0;1;0;0;0;0;0;0;0;0;1;0;0;0;0;0;0;0;0;0;0;0;0;5
id-1720;0,6;0,6;0,25;0,2;-0,45;-1;-1;0;1;0;0;1;0;0;0;0;0;0;0;0;0;0;0;0;0;0;0;0;0;0;0;0;0;0;0;0;0;0;0;5
id-1722;0,6;0,6;-0,08;0,11;-0,4;-0,78;-1;1;1;1;0;0;1;1;0;0;0;0;1;0;0;0;0;0;0;0;0;0;0;0;0;0;0;0;0;0;0;0;0;5
id-1723;-0,6;0;0,22;0,2;-0,25;0,11;0;1;0;1;0;1;0;1;0;0;0;1;1;0;0;0;0;0;0;0;1;0;0;0;0;0;0;0;1;0;0;0;0;5
id-1724;0,6;0,8;0,15;0,16;-0,35;-0,78;-0,5;1;1;1;0;1;0;1;1;0;1;0;0;0;0;0;0;0;0;0;0;0;0;0;0;0;0;0;0;0;0;0;0;5
id-1725;0,4;0,4;0,29;0,11;-0,28;-1;-1;0;1;1;0;0;0;1;0;0;0;1;1;1;0;0;1;0;0;0;0;0;0;0;0;0;0;0;0;0;0;0;0;1
id-1729;0,6;0,8;0,2;0,2;-0,3;-0,78;-1;1;0;1;0;0;0;0;0;0;0;0;1;0;0;0;0;0;0;0;1;0;0;0;0;0;0;0;0;0;0;0;0;5
id-1731;0,6;0,6;0,18;0,2;-0,4;-1;-1;1;0;1;0;1;0;0;0;0;0;0;0;0;0;0;0;0;0;0;0;0;0;0;0;0;0;0;0;0;0;0;0;5
id-1732;0,2;0,4;0;0,16;-0,35;-0,78;-1;0;0;1;1;0;0;0;0;0;0;0;1;0;0;0;0;0;0;0;0;0;0;0;0;0;0;0;0;1;0;0;0;5
id-1734;0,4;0,4;0,25;0,24;-0,3;-0,78;-1;1;0;1;0;0;0;0;0;0;0;1;0;1;0;0;0;0;0;1;0;0;0;0;0;0;0;0;0;0;0;0;0;5
id-1735;0,4;0,6;0,2;0,11;-0,35;-1;-1;1;0;1;0;0;0;0;0;0;0;0;1;0;0;0;0;0;0;0;0;0;0;0;0;0;0;0;0;0;0;0;0;5
id-1736;0,4;0,6;-0,09;0,07;-0,4;-0,56;-1;1;0;1;0;0;0;0;0;0;0;0;1;1;0;0;0;0;0;0;0;0;0;0;0;0;0;0;0;0;0;0;0;5
id-1737;0,2;0,4;-0,23;0,02;-0,4;-1;-1;1;1;0;0;0;1;0;0;0;1;0;0;0;0;0;0;0;0;0;0;0;0;0;0;0;0;0;0;0;0;0;0;1
id-1739;0,4;0,6;0,1;0,16;-0,3;-1;-1;0;1;1;0;0;0;0;0;0;1;0;0;1;0;0;0;0;0;0;0;1;0;0;0;0;0;0;0;0;0;0;0;1
id-1740;0,4;0,6;0,85;0,29;-0,25;-0,56;-0,5;1;0;1;0;0;0;0;0;0;0;0;1;0;0;0;0;0;1;0;1;0;0;0;0;0;0;0;0;0;0;0;0;5
id-1741;0,6;0,6;-0,05;0,11;-0,4;-0,56;-1;1;0;0;0;0;0;0;0;0;0;1;0;0;0;0;0;0;0;0;0;0;0;0;0;0;0;0;0;0;0;0;0;1
id-1742;0,6;0,8;0,58;0,33;-0,15;-1;-1;1;0;1;0;1;0;0;0;0;0;0;0;0;0;0;0;0;0;0;0;0;0;0;0;0;1;0;0;0;0;0;0;5
id-1743;0,6;0,8;0,2;0,07;-0,25;-0,56;-1;0;0;1;0;0;1;1;0;0;0;0;1;0;0;0;1;0;0;0;0;0;0;0;0;0;0;0;0;0;0;0;0;5
id-1746;0,6;0,6;0,62;0,33;-0,25;-0,33;0,5;0;0;1;0;0;0;0;0;0;0;1;0;0;0;0;0;0;0;0;0;0;0;0;0;0;0;0;0;1;0;0;0;5
id-1749;0,8;0,8;0,09;0,16;-0,35;0,11;0;0;0;1;0;1;1;0;0;0;0;1;0;0;0;0;0;0;0;0;0;0;0;0;0;0;0;0;1;0;0;0;0;5
id-1750;0,4;0,6;0,18;0,2;-0,3;-1;-1;0;0;0;0;0;0;0;0;0;0;1;0;0;0;0;0;0;0;0;0;0;0;0;0;0;0;0;0;0;1;0;0;1
id-1751;0,6;0,8;-0,19;-0,02;-0,4;-0,78;-0,5;1;0;1;1;0;1;0;0;0;0;0;1;0;0;0;0;0;0;0;0;0;0;0;0;0;0;0;0;0;0;0;0;5
id-1752;0,4;0,6;0,37;0,24;-0,2;-0,78;-0,5;0;0;1;0;0;1;0;0;0;0;0;1;0;0;0;0;0;1;0;0;0;0;0;0;0;1;0;0;0;0;0;0;5
id-1753;0,6;0,6;0,06;0,11;-0,35;-0,56;0;0;0;0;0;0;0;0;0;0;0;1;0;0;0;0;0;0;0;0;0;0;0;0;0;0;0;0;0;0;0;0;0;5
id-1754;0,6;1;0,18;0,24;-0,25;-0,78;-0,5;0;0;0;0;0;0;0;0;0;0;0;0;0;0;0;0;0;1;0;0;0;0;0;0;0;1;0;0;0;0;0;0;5
id-1755;0,4;0,4;-0,14;-0,07;-0,35;-0,56;-0,5;0;0;1;0;0;0;0;0;0;0;0;1;0;0;0;0;0;0;0;0;0;0;0;0;0;0;0;0;0;0;0;0;5
id-1756;0,4;0,6;0,14;0,11;-0,35;-0,56;-0,5;1;0;1;0;0;0;1;0;0;0;0;0;0;0;0;0;0;1;0;0;0;0;0;0;0;0;0;0;0;0;0;0;5
id-1757;0,4;0,4;0,13;0,2;-0,3;-1;-1;0;0;1;0;1;0;0;0;0;0;1;1;0;0;0;0;0;0;0;0;0;0;0;0;0;0;0;0;0;0;0;0;5
id-1758;0,2;0,6;0,26;0,24;-0,4;-0,56;-0,5;0;0;1;0;1;0;0;0;0;1;0;0;0;0;0;1;0;0;0;0;0;0;0;0;0;0;0;0;0;0;0;0;1
id-1759;0,6;0,8;0,05;0,33;-0,4;-0,78;-1;0;0;1;0;1;0;0;0;0;0;1;1;1;0;0;0;0;0;0;0;0;0;0;0;0;1;0;0;0;0;0;0;5
id-1760;0,4;0,6;0,1;0,2;-0,35;-1;-1;0;0;1;0;0;0;0;0;0;0;0;1;0;0;0;0;0;0;0;0;1;0;0;0;0;0;0;0;0;0;0;0;5
id-1761;0,4;0,6;0,18;0,11;-0,3;-0,33;0,5;0;0;1;0;1;0;1;0;1;0;1;1;0;0;0;0;0;0;0;0;0;0;0;0;0;0;0;0;0;0;0;0;5
id-1762;0,4;0,6;0,05;0,11;-0,35;-0,11;0;0;0;1;0;1;1;1;0;0;0;0;1;0;0;0;0;0;0;0;0;0;0;0;0;0;0;0;0;0;0;0;0;5
id-1763;0,4;0,4;0,15;0,16;-0,35;-1;-1;1;1;0;0;1;0;0;0;0;0;0;0;1;0;0;0;0;0;0;0;0;0;0;0;0;0;0;0;0;0;0;0;1
id-1764;0,8;0,8;0;0,11;-0,35;-0,33;-1;1;1;1;0;0;0;0;0;0;0;0;0;0;0;0;0;0;0;0;0;0;0;0;0;0;1;0;0;0;0;0;0;5
id-1765;-0,6;-0,6;0,25;0,24;-0,3;-1;-1;1;0;0;0;1;0;1;0;0;0;0;1;1;0;0;0;0;0;0;0;0;0;0;0;0;0;0;0;0;0;0;0;1
id-1766;0,6;0,6;-0,13;0,16;-0,35;-1;-1;0;0;0;0;0;0;1;0;0;0;0;0;1;0;0;0;0;0;0;0;0;0;0;0;0;1;0;0;0;0;0;0;5
id-1767;0,4;0,8;-0,13;-0,02;-0,4;-1;-1;0;0;1;0;0;0;0;0;1;0;0;1;0;0;0;0;0;1;0;0;0;0;0;0;0;0;0;0;0;0;0;0;5
id-1769;0,4;0,6;0,2;0,24;-0,25;-0,33;0;0;0;1;0;0;1;0;0;0;0;1;1;0;0;0;0;0;0;0;0;1;0;0;0;0;0;0;0;0;0;0;0;5
id-1770;-0,4;0,2;0,59;0,24;-0,25;-0,56;0;1;0;1;0;0;0;1;0;0;0;1;0;0;0;0;0;0;0;0;1;0;0;0;0;0;0;0;0;0;0;0;0;5
id-1771;0,6;0,8;0,27;0,16;-0,3;0,11;-0,5;0;0;1;0;1;0;0;0;0;0;0;1;0;0;0;0;0;0;0;0;0;0;0;0;0;0;0;0;0;0;0;0;5
id-1772;0,4;0,6;0,41;0,29;-0,25;-1;-1;1;0;1;0;0;0;1;0;0;0;0;0;0;0;0;0;0;0;0;0;1;0;0;0;0;0;0;0;0;0;0;0;5
id-1774;0,4;0,6;-0,25;-0,02;-0,45;-0,78;-1;0;0;1;0;0;0;0;1;0;0;0;1;0;0;0;0;0;1;0;0;0;0;0;0;0;0;0;1;0;0;0;0;5
id-1775;0,6;0,6;0,01;0,16;-0,35;-1;-1;0;0;0;0;0;0;0;0;0;0;0;0;1;0;0;0;0;0;0;0;1;0;0;0;0;0;0;0;0;0;0;0;1
id-1776;0,6;0,8;0,14;0,16;-0,3;-0,78;-1;0;0;1;0;1;0;1;0;1;0;1;1;0;0;0;0;0;0;0;0;0;0;0;0;0;0;0;1;0;0;0;0;5
id-1777;0,4;0,8;-0,09;0,11;-0,4;-1;-1;0;0;0;0;0;0;0;0;0;0;0;0;0;0;0;0;0;0;0;0;0;0;0;0;0;0;0;0;0;0;0;0;1
id-1779;0,6;1;0,23;0,2;-0,3;-0,56;-0,5;0;1;1;0;0;0;0;0;0;0;0;1;0;0;0;0;0;0;0;0;1;0;0;0;0;1;0;0;0;0;0;0;1
id-1782;0,6;0,8;0,02;0,2;-0,35;-1;-1;0;0;1;1;0;0;0;1;0;0;1;1;1;0;0;0;0;0;0;0;0;0;0;0;0;0;1;0;0;0;0;0;5
id-1783;0,4;0,6;0,2;0,11;-0,3;1;-1;1;0;1;0;0;0;1;0;0;0;0;1;0;0;0;0;0;0;0;0;0;0;0;0;0;0;0;0;0;0;0;0;5
id-1785;0,4;0,8;0,37;0,2;-0,25;-1;-1;0;0;1;0;1;0;0;0;1;0;0;0;0;0;0;0;0;0;0;0;0;0;0;0;0;0;0;0;0;0;0;0;5
id-1786;0,6;0,6;0,05;0,2;-0,3;-1;-1;0;0;1;0;0;0;0;0;0;0;0;1;0;0;0;0;0;1;0;0;0;0;0;0;0;1;0;0;0;0;0;0;5
id-1787;0,4;0,4;0,07;0,11;-0,3;-0,33;-0,5;1;0;1;0;1;1;0;1;0;0;1;1;0;0;0;0;0;0;0;1;0;0;0;0;0;0;0;0;0;0;0;0;5
id-1788;-0,8;-0,2;0,43;0,24;-0,2;-0,56;-0,5;1;1;1;0;0;0;0;0;0;0;0;1;0;0;0;0;0;0;0;0;0;0;0;0;0;0;0;0;0;0;0;0;1
id-1790;0,6;0,8;0,3;0,2;-0,4;-0,78;-0,5;0;0;0;0;1;0;0;0;0;0;0;0;0;0;0;0;0;0;0;1;0;0;0;0;0;1;0;0;0;0;0;0;5
id-1793;0,8;0,8;0,17;0,2;-0,35;-0,56;-0,5;0;0;1;0;0;0;0;0;1;0;0;0;0;0;0;1;0;0;0;0;0;0;0;0;0;0;0;0;0;0;0;0;5
id-1794;0,4;0,6;-0,3;0,02;-0,4;-0,78;-1;0;0;1;0;0;0;0;1;0;0;0;0;0;0;0;0;0;0;0;0;0;0;0;0;0;0;0;0;0;0;0;0;1
id-1795;0,6;0,8;0,62;0,29;-0,15;-0,56;-0,5;0;0;1;0;0;0;0;0;0;0;0;0;0;0;0;0;0;0;0;0;0;0;0;0;0;0;0;0;0;0;0;0;5
id-1797;0,6;0,6;1,1;0,6;-0,05;-0,56;0;0;0;1;0;0;0;0;0;0;0;0;0;0;0;0;0;0;0;0;0;0;0;0;0;0;1;0;0;0;0;0;0;5
id-1799;0,4;0,6;-0,09;0,02;-0,4;-1;-1;0;0;1;0;0;0;0;0;0;0;0;1;0;0;0;0;0;0;0;0;0;0;0;0;0;0;0;0;0;0;0;0;5
id-1801;0,6;0,8;0,2;0,24;-0,3;-1;-1;1;0;1;0;0;0;1;1;0;0;0;0;0;0;0;0;0;0;0;0;0;0;0;0;0;0;0;0;0;0;0;0;5
id-1802;0,6;0,6;0,15;0,24;-0,35;-0,56;0;1;0;0;0;1;0;0;0;0;0;0;1;0;0;0;0;0;0;0;0;0;0;0;0;0;0;0;0;0;0;0;0;5
id-1803;0,6;0,8;0,28;0,24;-0,3;0,78;-0,5;0;0;1;0;1;0;0;0;0;0;1;0;0;0;0;1;0;0;0;0;0;0;0;0;0;1;0;0;0;0;0;0;5
id-1804;0,4;0,4;0,01;0,11;-0,35;-1;-1;1;0;1;0;1;1;0;0;0;0;0;1;0;0;0;0;0;0;0;0;0;0;0;0;0;0;0;0;0;0;0;0;5
id-1806;0,4;0,6;0,17;0,16;-0,3;-0,33;-0,5;0;0;1;0;0;0;0;0;0;0;1;0;0;0;0;0;0;0;0;0;0;0;0;0;0;0;0;0;0;0;0;0;5
id-1807;0,6;0,8;0,3;0,16;-0,25;-0,78;-0,5;0;0;1;0;1;0;0;0;0;0;1;1;0;0;0;0;0;0;0;0;0;0;0;0;0;0;0;0;0;0;0;0;5
id-1808;0,4;0,6;0,05;0,11;-0,35;-0,33;-0,5;1;0;1;0;1;0;1;0;0;0;0;1;0;0;0;0;0;0;0;0;0;0;0;0;0;0;0;0;0;0;0;0;5
id-1809;0,2;0,2;0,01;0,11;-0,35;-1;-1;0;0;1;0;0;0;0;0;0;0;0;0;0;0;0;0;0;0;0;0;0;0;0;0;0;0;0;0;0;0;0;0;1
id-1811;-0,6;0;0,4;0,2;-0,3;-1;-1;0;1;0;0;0;1;1;0;0;0;0;0;0;0;0;0;0;0;0;0;0;0;0;0;0;0;0;0;0;0;0;0;1
id-1813;0,6;0,6;0,35;0,16;-0,35;-1;-1;1;0;0;0;0;0;1;0;0;0;0;0;0;0;0;0;0;0;0;0;1;0;0;0;0;0;0;0;0;0;0;0;5
id-1814;0,4;0,6;0,59;0,29;-0,2;-0,78;-1;0;0;1;0;0;1;0;0;0;0;1;1;0;0;0;0;0;0;0;0;0;0;0;0;0;0;0;0;0;0;0;0;5
id-1815;0,4;0,4;0,16;0,11;-0,35;-0,33;0;0;0;1;0;1;0;0;0;0;0;1;1;0;0;0;0;0;0;0;0;1;0;0;0;0;0;0;0;0;0;0;0;5
id-1816;0,6;0,8;0,43;0,33;-0,25;-0,78;-1;1;0;1;0;0;0;0;0;0;0;0;0;0;0;0;0;0;0;0;0;0;0;0;0;0;1;0;0;0;0;0;0;5
id-1817;-0,2;0;-0,28;0,24;-0,3;-0,56;-0,5;0;0;1;0;0;0;0;0;0;0;0;0;0;0;0;0;0;0;0;0;0;0;0;0;0;0;0;0;0;0;0;0;1
id-1819;0,6;0,6;-0,1;0,11;-0,3;-1;-1;0;0;1;0;0;0;1;0;0;0;0;0;0;0;0;0;0;0;0;0;0;0;0;0;0;1;0;0;0;0;0;0;5
id-1823;0,6;0,8;0,65;0,38;-0,2;-1;-1;0;0;1;0;1;0;0;0;0;0;0;0;0;0;0;0;0;0;0;0;0;0;0;0;0;1;0;0;0;0;0;0;5
id-1826;-0,4;0,4;-0,15;-0,02;-0,3;-1;-1;1;1;0;0;1;0;0;0;0;0;1;0;0;0;0;0;0;0;0;0;0;1;0;0;0;0;0;0;0;0;0;0;1
id-1827;0,4;0,6;0,44;0,24;-0,3;-0,56;0;1;0;1;0;0;0;0;0;0;0;0;1;0;0;0;0;0;0;1;0;0;0;0;0;0;0;0;0;0;0;0;0;5
id-1829;0,4;0,6;0,5;0,33;-0,25;-0,78;-0,5;1;0;1;0;1;0;1;0;0;0;0;1;0;0;0;0;0;1;1;1;0;0;0;0;0;0;0;0;0;0;0;0;5
id-1830;0,2;0,6;0,15;0,16;-0,3;-0,78;-0,5;1;0;1;0;1;0;1;0;0;0;1;1;0;0;0;0;0;0;0;0;0;0;0;0;0;0;0;0;0;0;0;0;5
id-1831;0,6;0,6;0,35;0,33;-0,25;-0,78;-1;0;0;1;0;0;0;0;0;0;0;0;0;0;0;0;0;0;0;0;0;0;0;0;0;0;1;1;0;0;0;0;0;5
id-1832;0,4;0,4;0,45;0,16;-0,3;-0,78;-1;0;1;0;0;1;0;0;0;0;0;1;0;1;1;0;0;0;0;0;0;0;0;0;0;0;0;0;0;0;0;0;0;1
id-1833;0,6;0,8;0,15;0,2;-0,25;-1;-1;1;0;1;1;0;0;0;0;1;0;0;1;0;0;0;0;0;0;0;0;0;0;0;0;0;1;0;0;0;0;0;0;5
id-1835;0,6;0,8;-0,16;0,11;-0,4;1,67;3;0;1;1;0;0;0;0;1;0;0;1;1;0;0;0;0;0;0;0;0;0;0;0;0;0;0;0;0;0;0;0;0;5
id-1837;0,6;0,8;0,18;0,11;-0,4;-0,56;-0,5;1;0;0;0;0;0;1;1;1;0;1;0;0;0;0;0;0;0;1;0;0;0;0;0;0;1;0;0;0;0;0;0;5
id-1838;0,6;0,6;0,02;0,2;-0,3;-1;-1;1;0;1;0;0;0;1;0;0;0;0;0;0;0;0;0;0;0;0;0;0;0;0;0;0;0;0;0;0;0;0;0;5
id-1839;0,2;0,6;-0,13;0,11;-0,35;-1;-1;1;1;0;0;1;0;1;0;0;0;0;0;0;0;0;0;0;0;0;0;0;0;0;0;0;0;0;0;0;0;0;0;1
id-1841;0,4;0,6;0,22;0,2;-0,35;-0,56;-0,5;0;0;1;0;0;0;0;0;0;0;0;1;0;0;0;0;0;0;0;0;0;0;0;0;0;0;0;0;0;0;0;0;5
id-1842;0,6;0,8;-0,1;0,11;-0,4;-0,56;-1;0;0;1;0;1;0;0;0;0;0;0;1;0;0;0;0;0;0;0;0;0;0;0;0;0;1;0;0;0;0;0;0;5
id-1843;0,6;0,8;0,42;0,2;-0,3;-0,56;-0,5;0;0;1;0;1;0;1;0;0;0;0;0;0;0;0;0;0;0;0;0;0;0;0;0;0;0;0;0;0;0;0;0;5
id-1846;0,4;0,6;0,15;0,2;-0,2;-1;-1;0;0;1;0;0;1;0;0;0;1;0;0;1;0;0;0;0;0;0;0;0;0;0;0;0;0;0;0;0;0;0;0;1
id-1847;0,4;0,6;0,01;0,11;-0,35;-1;-1;1;0;1;0;0;0;1;0;0;0;0;0;0;0;0;0;0;0;0;0;0;0;0;0;0;0;0;0;0;0;0;0;5
id-1850;0,6;0,6;0,14;0,16;-0,25;-0,78;-0,5;0;0;1;0;1;0;1;0;0;0;1;1;0;0;0;0;0;0;0;1;0;0;0;0;0;0;0;0;0;0;0;0;5
id-1853;0,6;0,6;0,21;0,2;-0,3;-1;-1;1;0;1;0;0;0;0;0;0;0;0;1;0;0;0;0;0;0;0;0;0;0;0;0;0;0;0;0;0;0;0;0;5
id-1854;0,8;0,8;0,07;0,16;-0,4;-0,78;-1;0;0;1;0;0;1;0;1;0;0;1;1;0;0;0;0;0;0;0;0;0;0;0;0;0;0;0;0;0;0;0;0;5
id-1855;0,6;0,6;-0,2;0,2;-0,35;-1;-1;0;0;0;0;1;0;0;0;0;0;0;0;0;0;0;0;0;0;0;1;0;0;0;0;0;0;0;0;0;0;0;0;1
id-1856;-0,4;0,6;0,29;0,2;-0,3;-1;-1;1;1;1;0;1;0;0;1;1;0;0;0;0;0;0;1;0;0;0;0;0;0;0;0;0;0;1;0;1;0;0;0;5
id-1858;0,4;0,6;0,02;0,11;-0,35;-0,78;-1;0;0;1;1;1;0;0;0;0;0;1;1;0;0;0;0;0;0;0;0;0;0;0;0;0;0;0;0;0;0;0;0;5
id-1860;0,2;0,6;-0,1;0,07;-0,4;-0,78;-1;1;0;1;1;0;0;0;0;0;0;0;1;0;0;0;0;0;0;0;0;0;0;0;0;0;0;0;0;0;0;0;0;5
id-1861;0,4;0,4;0,18;0,2;-0,35;-0,78;-1;0;0;0;0;0;0;0;0;0;0;0;0;1;0;0;1;0;0;0;0;0;0;0;0;0;0;0;0;0;0;0;0;1
id-1862;0,6;0,8;0;0,11;-0,3;-0,33;0;0;1;0;0;1;0;0;0;0;0;1;1;0;0;0;0;0;0;0;1;0;0;0;0;0;0;0;0;0;0;0;0;5
id-1863;0,6;0,6;0,45;0,29;-0,25;-0,78;-1;0;0;1;0;0;0;0;0;0;0;0;0;0;0;0;1;0;0;0;0;0;0;0;0;0;1;0;0;0;0;0;0;5
id-1864;0,4;0,6;-0,04;0,11;-0,3;-1;-1;1;0;1;1;0;0;0;0;0;0;1;1;0;0;0;0;0;0;0;0;0;0;0;0;0;0;0;0;0;0;0;0;5
id-1865;0,4;0,4;0;0,11;-0,35;-0,78;-1;0;0;1;0;1;0;0;0;0;0;0;1;0;0;0;0;0;0;0;0;0;0;0;0;0;0;0;0;0;0;0;0;5
id-1867;0,8;1;0,1;0,11;-0,35;-0,78;-1;0;0;1;1;0;0;0;0;1;0;0;1;0;0;0;0;0;0;1;0;0;0;0;0;0;1;0;0;0;0;0;0;5
id-1868;0,6;0,8;0;0,16;-0,35;-0,78;-0,5;0;0;1;0;0;0;0;0;0;0;0;1;0;0;0;0;0;0;0;0;0;0;0;0;0;0;0;0;0;0;0;0;5
id-1870;0,4;0,4;0,23;0,16;-0,3;-0,78;-1;1;0;1;0;0;0;1;0;0;0;0;1;0;0;0;0;0;0;0;0;0;0;0;0;0;0;0;0;0;0;0;0;5
id-1873;0,6;0,6;0,16;0,16;-0,3;-0,56;-1;0;0;1;0;1;0;0;0;0;0;0;1;0;0;0;0;0;0;0;0;1;0;0;0;0;0;0;0;0;0;0;0;5
id-1874;0,6;0,8;0,79;0,2;-0,05;-0,78;-0,5;0;1;1;0;1;0;0;0;0;0;0;0;1;0;0;0;0;0;0;0;0;0;0;0;0;0;0;0;0;0;0;0;5
id-1875;0,2;0,6;0,46;0,24;-0,25;-0,78;-1;1;0;1;0;1;0;1;0;0;0;0;0;0;0;0;1;0;0;1;0;0;0;0;0;0;0;0;0;0;0;0;0;5
id-1876;0,6;0,6;0,34;0,24;-0,25;-0,33;-0,5;0;1;1;0;0;0;0;0;0;0;0;0;0;0;0;1;0;0;0;0;0;0;0;0;0;0;0;0;0;0;0;0;1
id-1877;0,6;0,8;0;0,11;-0,4;-1;-1;0;1;1;0;1;0;0;1;1;0;0;0;0;0;0;1;0;0;0;0;1;0;0;0;0;1;0;0;0;0;0;0;5
id-1878;0,4;0,6;0,06;0,11;-0,35;-0,78;-0,5;1;0;1;0;0;0;1;0;0;0;0;1;0;0;0;0;0;0;0;0;0;0;0;0;0;1;0;0;0;0;0;0;5
id-1879;0,6;0,8;0,25;0,16;-0,3;-0,33;-1;1;0;1;0;1;0;1;1;0;0;0;1;1;0;0;0;0;0;0;0;1;0;0;0;0;1;0;0;0;0;0;0;5
id-1880;-0,4;0,4;0,28;0,24;-0,3;-0,78;-0,5;0;0;1;0;0;0;1;0;0;0;0;0;0;0;0;0;0;1;0;1;0;0;0;0;0;0;0;0;0;0;0;0;5
id-1881;0,4;0,8;0,36;0,2;-0,35;-1;-1;1;1;1;0;0;0;1;0;0;0;1;1;0;0;0;0;0;0;1;0;0;0;0;0;0;0;0;0;0;0;0;0;5
id-1882;0,4;0,6;0,09;0,11;-0,4;-1;-1;0;1;1;0;0;1;1;0;0;0;0;1;0;0;0;0;0;0;0;0;0;0;0;0;0;0;0;0;0;0;0;0;1
id-1885;0,6;0,8;0,13;0,2;-0,25;-1;-1;0;0;0;0;1;0;0;0;0;0;0;0;0;0;0;1;0;0;0;0;0;0;0;0;0;1;0;0;0;0;0;0;5
id-1886;0,4;0,6;0,55;0,38;-0,2;-0,78;-1;0;0;1;0;0;0;1;1;0;0;0;1;0;0;0;0;0;1;0;0;0;0;0;0;0;0;0;0;0;0;0;0;5
id-1887;0,4;0,6;-0,15;0,11;-0,35;2,33;1;1;0;1;1;0;1;0;0;0;0;0;1;0;0;0;0;0;0;0;0;0;0;0;0;0;0;0;0;0;0;0;0;5
id-1889;0,6;0,6;0,31;0,2;-0,25;-0,78;-0,5;1;0;0;0;0;0;1;0;0;0;1;0;0;0;0;0;0;0;0;0;0;0;0;0;0;0;0;0;0;0;0;0;1
id-1891;0,4;0,4;0,4;0,24;-0,25;-0,33;0;0;0;1;0;0;0;1;0;0;0;0;0;0;0;0;0;0;1;0;0;0;0;0;0;0;0;0;0;0;0;0;0;5
id-1892;0,6;0,6;0,33;0,2;-0,3;-1;-1;0;0;1;0;0;0;1;0;0;0;1;0;0;0;0;0;0;0;0;0;0;0;0;0;0;0;0;0;0;0;0;0;1
id-1893;0,4;0,6;0,25;0,24;-0,3;-0,78;-1;1;0;1;0;0;1;1;0;0;0;1;1;0;0;0;0;0;0;0;0;0;0;0;0;0;0;0;0;0;0;0;0;5
id-1894;0,2;0,6;0,27;0,2;-0,2;-0,33;-0,5;0;0;1;0;0;0;0;0;0;0;0;1;0;0;0;0;0;0;0;1;0;0;0;0;0;0;0;0;0;0;0;0;5
id-1895;0,4;0,8;0,14;0,2;-0,3;-1;-1;1;0;1;0;1;0;0;0;0;0;0;1;0;0;0;0;0;0;0;1;0;0;0;0;0;0;0;0;0;0;0;0;5
id-1896;0,4;0,6;0,28;0,16;-0,3;-0,56;-1;1;0;1;0;0;0;1;0;0;0;0;1;0;0;0;0;0;0;1;0;0;0;0;0;0;0;0;0;0;0;0;0;5
id-1897;0,4;0,4;-0,2;0,11;-0,4;-0,78;-1;0;1;1;0;0;1;0;0;0;0;0;1;0;0;0;0;0;0;0;0;1;0;0;0;0;0;0;1;0;0;0;0;1
id-1898;0,6;0,6;0,15;0,11;-0,35;-0,56;-1;0;0;1;0;0;0;1;1;0;0;0;0;0;0;0;0;0;0;1;0;0;0;0;0;0;0;0;0;0;0;0;0;5
id-1899;0,4;0,6;0,14;0,2;-0,3;-1;-1;1;0;1;0;1;1;0;0;0;0;1;1;1;0;0;0;0;0;0;0;0;0;0;0;0;1;0;0;0;0;0;0;5
id-1900;0,6;0,6;-0,03;0,11;-0,3;-1;-1;0;0;0;0;1;0;0;0;0;0;0;0;0;0;0;0;0;0;0;0;0;0;0;0;0;1;0;0;0;0;0;0;5
id-1901;0,6;0,6;0,1;0,2;-0,4;-0,78;-0,5;0;0;1;0;0;0;1;0;0;0;0;0;0;0;0;1;0;0;0;0;0;0;0;0;0;0;0;0;0;0;0;0;1
id-1902;0,6;0,6;0,12;0,11;-0,3;-1;-1;1;1;1;0;1;0;0;0;0;0;0;0;0;0;0;0;0;0;0;0;0;0;0;0;0;0;0;0;0;0;0;0;1
id-1903;0,6;0,6;0,19;0,2;-0,35;-1;-1;1;1;1;0;0;0;0;1;1;0;0;0;0;0;0;0;0;0;0;0;0;0;0;0;0;0;0;0;0;0;0;0;1
id-1905;0,6;0,8;0,01;0,11;-0,35;-0,78;-0,5;0;0;0;1;1;0;0;0;0;0;0;1;0;0;0;0;0;0;0;0;0;0;0;0;0;0;1;0;0;0;0;0;5
id-1906;0,2;0,2;0,09;0,2;-0,3;-1;-1;1;0;0;0;0;0;1;0;0;0;1;0;1;0;0;1;0;0;0;0;0;0;0;0;0;0;0;0;0;0;0;0;1
id-1907;0,6;0,6;0,2;0,47;-0,35;-1;-1;0;0;1;0;1;1;0;0;0;0;0;0;0;0;0;0;0;0;0;0;0;0;0;0;0;0;0;0;0;0;0;0;5
id-1909;0,6;0,8;0,1;0,2;-0,35;-0,78;-1;0;0;1;0;1;0;0;1;0;0;0;0;0;0;0;0;0;0;0;0;1;0;0;0;0;1;0;0;0;0;0;0;5
id-1912;0,6;0,6;0,25;0,11;-0,18;-0,78;-1;1;1;0;0;1;0;0;0;0;0;0;0;0;0;0;0;0;0;0;0;0;0;0;0;0;0;0;0;0;0;0;0;1
id-1913;0,6;0,6;0,35;0,16;-0,2;-1;-1;0;0;1;0;1;0;0;0;0;0;0;0;0;0;0;0;0;0;0;0;0;0;0;0;0;1;0;0;0;0;0;0;5
id-1914;0,6;0,6;0,2;0,16;-0,3;-0,78;-0,5;0;0;1;1;0;0;1;0;0;0;0;1;0;0;0;0;0;1;0;0;0;0;0;0;0;0;0;0;0;0;0;0;5
id-1916;0,6;0,8;0,45;0,2;-0,2;-0,78;-1;1;1;0;1;1;0;1;0;0;1;1;1;0;0;0;0;0;0;0;0;0;0;0;0;0;0;0;1;0;0;0;0;5
id-1918;0,6;0,6;0,13;0,2;-0,25;-0,78;-1;0;0;1;0;1;1;0;0;0;1;1;0;0;0;0;0;0;0;0;0;0;0;0;0;0;0;0;0;0;0;0;0;1
id-1919;0,6;0,8;0,33;0,2;-0,3;-0,33;-0,5;1;0;1;0;1;1;0;0;0;0;0;0;0;0;0;0;0;0;0;1;0;0;0;0;0;0;0;0;0;0;0;0;5
id-1922;0,4;0,8;0,15;0,2;-0,3;-1;-1;0;0;1;0;0;0;0;0;0;1;0;1;0;0;0;0;0;0;0;0;0;0;0;0;0;0;0;0;0;0;0;0;1
id-1924;0,4;0,6;0,48;0,51;-0,25;-1;-1;0;0;1;0;1;0;0;0;0;0;0;1;0;0;0;0;0;0;0;0;0;0;0;0;0;0;0;0;0;0;0;0;5
id-1925;0,6;0,6;0,25;0,24;-0,25;-0,11;-0,5;0;1;0;0;0;0;0;1;0;0;0;0;0;0;0;1;0;0;0;0;0;0;0;0;0;0;0;0;0;0;0;0;1
id-1927;0,4;0,4;-0,18;0,02;-0,45;-1;-1;0;0;1;0;0;0;0;0;0;0;1;1;1;0;0;0;0;0;0;1;0;0;0;0;0;0;0;0;0;0;0;0;5
id-1928;0,6;0,8;0,05;0,11;-0,35;-0,78;-1;0;0;1;0;0;0;0;0;0;0;0;1;0;0;0;0;0;0;0;0;0;0;0;0;0;1;0;0;0;0;0;0;5
id-1929;0,4;0,6;0,09;0,07;-0,35;-1;-1;0;0;1;0;1;0;0;0;0;0;0;1;0;0;0;0;0;0;0;0;0;0;0;0;0;0;0;0;0;0;0;0;5
id-1930;0,6;0,6;0,87;0,42;-0,1;-0,33;-0,5;1;0;1;0;1;0;1;1;0;0;1;1;0;0;0;0;0;0;1;1;0;0;0;0;0;0;0;0;1;0;0;0;5
id-1933;0,4;0,8;-0,13;0,24;-0,35;-1;-1;1;0;1;0;1;0;0;0;0;0;0;0;0;0;0;0;0;0;0;0;0;0;0;0;0;0;0;0;0;0;0;0;1
id-1934;0,4;0,4;0,05;0,16;-0,35;-1;-1;0;1;1;0;1;0;1;1;0;0;0;0;0;0;0;0;1;0;0;0;0;0;0;0;0;0;0;0;0;0;0;0;1
id-1935;0,4;0,6;0,14;0,16;-0,3;-1;-1;1;0;1;0;0;0;1;0;0;0;1;1;0;0;0;0;0;0;1;1;0;0;0;0;0;0;0;0;0;0;0;0;5
id-1936;0,4;0,6;0,62;0,33;-0,25;-0,56;-0,5;0;0;1;0;1;0;0;0;0;0;1;1;0;0;0;0;0;0;0;1;0;0;0;0;0;0;0;0;0;0;0;0;5
id-1937;0,4;0,6;0,27;0,16;-0,3;-0,56;0;1;0;1;0;1;0;0;0;0;0;0;1;0;0;0;0;0;0;0;0;0;0;0;0;0;1;0;0;0;0;0;0;5
id-1939;0,2;0,6;0,35;0,24;-0,3;-1;-1;1;0;1;0;1;0;1;0;0;0;0;1;0;0;0;0;0;0;0;0;0;0;0;0;0;0;0;0;0;0;0;0;5
id-1941;0,6;0,6;0,24;0,2;-0,25;-1;-1;1;0;1;0;1;1;0;0;0;0;1;1;0;0;0;0;0;0;0;0;1;0;0;0;0;0;0;1;0;0;0;0;5
id-1942;0,6;0,8;0,2;0,11;-0,4;-0,78;-0,5;1;0;1;0;0;0;0;1;0;0;0;0;0;0;0;0;0;0;0;0;1;0;0;0;0;0;0;0;0;0;0;0;5
id-1943;-0,2;0,4;0,51;0,24;-0,25;-0,33;-0,5;1;0;1;0;0;0;0;1;0;0;0;1;0;0;0;0;0;0;1;0;0;0;0;0;0;0;0;0;0;0;0;0;5
id-1944;0,6;0,8;0,05;0,2;-0,25;-1;-1;0;0;1;0;1;1;0;0;0;0;0;0;0;0;0;0;0;0;0;0;0;0;0;0;0;1;0;0;0;0;0;0;5
id-1945;0,4;0,6;0,7;0,29;-0,25;-0,78;-1;0;0;1;0;1;0;1;1;0;0;1;1;0;0;0;0;0;0;0;1;0;0;0;0;0;0;0;0;0;0;0;0;5
id-1946;0,4;0,6;-0,03;0,16;-0,35;-1;-1;0;0;0;0;0;0;0;0;0;0;0;0;0;0;0;0;0;0;0;0;0;0;0;0;0;0;0;0;0;1;0;0;1
id-1947;0,6;0,8;-0,25;0,11;-0,4;-1;-1;1;0;0;0;0;0;0;0;0;1;0;0;0;0;0;0;0;0;0;0;0;0;0;0;0;0;0;0;0;0;0;0;1
id-1949;0,6;0,6;0,2;0,16;-0,35;-0,78;-1;0;0;1;0;0;0;1;0;0;0;1;0;0;0;0;0;0;0;0;1;0;0;0;0;0;0;0;0;0;0;0;0;5
id-1950;0,6;0,8;0,16;0,16;-0,35;-0,78;-0,5;0;0;1;0;0;0;0;0;0;0;0;1;0;0;0;0;0;1;0;0;0;0;0;0;0;0;0;0;0;0;0;0;5
id-1951;0,6;0,8;0,05;0,11;-0,3;-0,78;-1;0;0;1;0;0;0;0;0;0;0;0;0;0;0;0;1;0;0;0;0;0;0;0;0;0;1;0;0;0;0;0;0;5
id-1952;0,6;0,8;-0,01;-0,07;-0,3;-1;-1;0;1;0;1;0;0;0;0;0;0;1;0;0;0;0;1;0;0;0;0;1;0;0;0;0;1;0;0;0;0;0;0;5
id-1953;0,4;0,6;0,7;0,42;-0,2;-0,56;-0,5;0;0;1;0;0;0;1;0;0;0;0;1;0;0;0;0;0;0;0;0;1;0;0;0;0;0;0;0;0;0;0;0;5
id-1954;0,6;0,8;0,08;0,02;-0,4;-0,78;-1;0;0;1;0;0;0;1;0;0;0;1;1;1;0;0;0;0;0;0;0;0;0;0;0;0;0;0;0;0;0;0;0;5
id-1955;0,4;0,6;0,4;0,29;-0,3;-1;-1;1;0;1;0;1;0;0;0;0;0;0;0;0;0;0;0;0;0;0;0;1;0;0;0;0;0;0;0;0;0;0;0;1
id-1956;0,4;0,6;-0,09;0,11;-0,35;-1;-1;0;0;1;0;1;0;0;0;0;0;0;0;0;0;0;0;0;0;0;0;0;0;0;0;0;1;0;0;0;0;0;0;5
id-1957;0,4;0,4;0,05;0,24;-0,4;-1;-1;0;1;0;0;0;0;0;0;0;0;0;0;1;0;0;0;0;0;0;0;0;0;0;0;0;0;0;0;0;0;0;0;1
id-1959;0,4;0,8;0,13;0,16;-0,25;-0,78;-1;1;0;1;0;0;0;1;0;0;0;1;1;0;0;0;0;0;0;0;0;0;0;0;0;0;1;0;0;0;0;0;0;5
id-1960;0,6;0,8;0,13;0,2;-0,3;-1;-1;0;0;1;0;1;0;0;0;0;0;0;1;0;0;0;0;0;0;0;0;1;0;0;0;0;0;0;0;0;0;0;0;5
id-1961;0,4;0,6;0,4;0,29;-0,3;-1;-1;0;0;1;0;0;0;1;0;0;0;0;1;0;0;0;0;0;0;0;0;0;0;0;0;0;1;0;0;0;0;0;0;5
id-1962;0,4;0,6;-0,04;0,16;-0,4;-0,56;-1;0;0;1;0;0;0;0;0;0;0;0;0;0;0;0;0;0;0;0;0;1;0;0;0;0;1;0;0;0;0;0;0;5
id-1964;0,4;0,6;0,23;0,11;-0,2;-1;-1;0;0;0;0;0;0;0;0;0;0;0;0;0;0;0;0;0;0;0;0;0;0;0;0;0;0;0;0;0;0;0;0;1
id-1967;0,4;0,6;0,41;0,29;-0,25;-1;-1;0;0;1;0;0;0;0;0;0;0;0;1;0;0;0;0;0;0;0;0;1;0;0;0;0;0;0;0;0;0;0;0;5
id-1968;0,4;0,4;0,22;0,11;-0,2;-0,56;-0,5;0;0;1;0;1;1;0;0;0;0;0;1;0;0;0;0;0;1;0;0;1;0;0;0;0;0;0;0;0;0;0;0;5
id-1969;0,6;0,8;0,25;0,24;-0,2;-0,56;-0,5;0;0;1;0;1;0;0;0;0;0;0;1;0;0;0;0;0;0;0;0;0;0;0;0;0;1;0;0;0;0;0;0;5
id-1970;0,6;0,8;0,05;0,33;-0,3;-1;-1;0;1;0;0;1;0;0;0;0;0;0;0;0;0;0;0;0;0;0;0;0;0;0;0;0;0;0;0;0;0;0;0;1
id-1971;0,6;0,8;0;0,16;-0,45;-0,56;-0,5;0;0;1;0;0;0;0;0;0;0;0;0;0;0;0;0;0;0;0;0;0;0;0;0;0;0;1;0;0;0;0;0;5
id-1972;0,4;0,6;0,1;0,2;-0,45;-1;-1;1;0;1;0;1;0;1;0;0;0;0;0;0;0;0;0;0;0;0;0;0;0;0;0;0;1;0;0;0;0;0;0;5
id-1973;0,6;0,6;0,05;0,11;-0,35;-0,56;-0,5;0;0;1;0;0;0;1;0;0;0;0;1;0;0;0;0;0;0;0;0;0;0;0;0;0;0;0;0;0;0;0;0;5
id-1974;0,6;0,8;-0,25;0,02;-0,5;-1;-1;0;0;1;1;0;0;0;0;0;1;0;0;0;0;0;0;0;0;0;0;1;0;0;0;0;0;0;0;0;0;0;0;5
id-1975;-0,6;0,4;0,16;0,2;-0,35;-1;-1;0;1;1;0;1;0;1;1;0;0;1;0;0;0;0;0;0;0;0;0;0;0;0;0;0;0;0;0;0;0;0;0;5
id-1976;0,6;0,8;0,38;0,11;-0,25;-0,56;-0,5;1;1;0;0;1;0;1;0;0;0;0;0;0;0;0;0;0;0;0;0;0;0;0;0;0;1;0;0;1;0;0;0;5
id-1977;0,6;0,6;0,35;0,29;-0,2;-0,78;-1;0;0;0;0;0;0;0;0;0;0;0;0;0;0;0;0;0;0;0;0;0;0;0;0;0;1;0;0;1;0;0;0;5
id-1978;0,6;0,6;0,33;0,47;-0,3;-1;-1;0;0;1;0;0;0;0;0;0;0;0;0;0;0;0;0;0;0;0;0;0;0;0;0;0;1;0;0;0;0;0;0;5
id-1979;0,6;0,6;0,25;0,42;-0,3;-0,33;0;0;0;0;0;1;0;0;0;0;0;0;0;0;0;0;0;0;0;0;0;0;0;0;0;0;1;0;0;0;0;0;0;5
id-1981;0,2;0,6;0,25;0,29;-0,35;-0,78;-1;1;0;1;0;1;0;1;0;0;0;0;0;0;0;0;0;0;0;0;0;0;0;0;0;0;0;0;0;0;0;0;0;5
id-1982;0,4;0,6;0,46;0,2;-0,25;-1;-1;1;1;1;0;1;0;1;1;0;0;1;1;1;0;0;0;0;0;0;0;0;0;0;0;0;0;0;0;0;0;0;0;1
id-1983;0,2;0,4;-0,01;0,07;-0,4;-1;-1;1;0;1;0;0;0;0;0;0;0;0;1;0;0;0;0;0;0;1;1;0;0;0;0;0;0;0;0;0;0;0;0;5
id-1984;0,4;0,4;0,28;0,16;-0,25;-0,56;-1;0;0;1;0;0;1;0;0;0;0;1;1;0;0;0;0;0;0;0;0;0;0;0;0;0;0;0;1;0;0;0;0;5
id-1989;0,4;0,6;0,12;0,24;-0,35;0,33;-0,5;0;0;1;0;0;1;0;1;0;0;0;0;0;0;0;0;0;0;0;0;0;0;0;0;0;0;0;0;0;0;0;0;1
id-1990;0,6;0,8;0,11;0,11;-0,35;-1;-1;1;0;0;0;1;0;0;1;0;0;1;0;1;0;0;0;0;0;0;1;0;0;0;0;0;1;0;0;0;0;0;0;5
id-1991;0,4;0,6;0,24;0,2;-0,35;-1;-1;1;0;1;0;1;0;1;0;0;0;0;1;0;0;0;0;0;0;0;1;0;0;0;0;0;0;0;0;0;0;0;0;5
id-1992;0,6;0,6;0,21;0,2;-0,25;-1;-1;1;1;1;0;1;0;0;1;0;0;0;1;0;0;0;0;0;0;0;0;0;0;0;0;0;0;0;0;0;0;0;0;1
id-1996;0,6;0,8;-0,05;0,07;-0,45;-1;-1;0;0;1;0;1;0;1;0;0;0;0;0;0;0;0;0;0;0;0;0;0;0;0;0;0;0;0;0;0;0;0;0;5
id-1997;0,6;0,6;-0,33;-0,16;-0,55;-0,56;-1;1;0;1;1;0;0;0;0;0;0;0;1;0;0;0;0;0;0;0;0;0;0;0;0;0;1;0;0;0;0;0;0;5
id-2001;0,4;0,4;0,3;0,2;-0,3;-1;-1;0;0;1;0;0;0;1;0;0;0;0;1;0;0;0;0;0;0;0;0;0;0;0;0;0;0;0;0;0;0;0;0;5
id-2002;0,4;0,6;0,03;0,16;-0,35;-0,78;-0,5;1;0;1;0;0;0;1;0;0;0;0;0;0;0;0;0;0;0;0;0;0;0;0;0;0;0;0;0;0;0;0;0;1
id-2003;0,4;0,4;0,05;0,16;-0,25;-0,56;-0,5;0;1;1;0;1;0;1;0;0;0;0;1;0;0;0;0;0;0;0;0;0;0;0;0;0;0;0;0;0;0;0;0;5
id-2004;0,6;0,8;0,23;0,11;-0,35;0,33;-0,5;0;0;1;0;0;0;0;0;0;0;0;0;0;0;0;0;0;1;0;1;0;0;0;0;0;0;0;0;0;0;0;0;5
id-2006;0,2;0,4;0,28;0,2;-0,25;-1;-1;0;0;1;0;0;0;1;1;0;0;0;1;0;0;0;0;0;0;0;0;0;0;0;0;0;0;0;0;1;0;0;0;5
id-2007;0,4;0,4;-0,09;0,11;-0,35;-0,78;-1;0;0;1;0;0;0;0;0;0;0;0;0;0;0;0;0;0;0;0;0;0;0;0;0;0;0;0;0;0;0;0;0;1
id-2008;0,6;0,8;-0,04;0,11;-0,35;-1;-1;1;0;0;0;0;0;0;0;0;1;0;0;1;0;0;0;0;0;0;0;0;0;0;0;0;0;0;0;0;0;0;0;1
id-2009;0,4;0,6;-0,04;0,11;-0,35;-0,78;-1;0;0;1;0;1;0;0;0;0;0;0;1;0;0;0;0;0;1;0;0;1;0;0;0;0;0;0;0;0;0;0;0;5
id-2011;0,8;1;0;0,11;-0,3;-0,78;-0,5;0;0;0;0;0;0;0;0;0;0;0;0;0;0;0;0;0;1;0;0;0;0;0;0;0;0;0;0;0;0;0;0;5
id-2014;0,6;0,6;0,54;0,11;-0,15;-1;-1;1;0;1;0;1;0;1;0;0;0;1;1;0;0;0;0;0;0;0;0;0;0;0;0;0;0;0;0;0;0;0;0;5
id-2015;0,6;0,8;0,5;0,24;-0,25;-0,78;-1;0;0;1;0;0;0;1;0;0;1;0;0;0;0;0;0;0;0;0;0;0;0;0;0;0;0;0;0;0;0;0;0;1
id-2017;0,4;0,6;0,02;0,16;-0,3;-0,56;-0,5;0;0;1;1;1;0;0;0;0;0;1;1;0;0;0;0;0;0;0;0;1;0;0;0;0;0;0;0;0;0;0;0;5
id-2018;0,4;0,6;0,02;0,16;-0,4;-0,56;-1;1;0;1;0;0;0;0;0;0;0;1;1;0;0;0;0;0;0;0;0;0;0;0;0;0;0;0;0;0;0;0;0;1
id-2022;-0,2;0,4;0,6;0,2;-0,3;-0,33;-0,5;0;1;0;0;0;0;0;0;0;0;0;0;0;0;0;0;0;0;0;0;0;0;0;0;0;0;0;0;0;0;0;0;5
id-2023;0,4;0,6;0,37;0,24;-0,3;-0,78;-1;0;0;1;0;1;0;1;0;0;0;0;0;0;0;0;0;0;0;0;0;1;0;0;0;0;0;0;0;0;0;0;0;5
id-2024;0,8;0,8;0,25;0,2;-0,25;0,78;1,5;0;0;1;0;1;0;0;0;0;0;0;0;0;0;0;0;0;0;0;0;0;0;0;0;0;1;0;0;0;0;0;0;5
